user_id,username,age,gender,country,mbti_type
1,adam49,31,Male,Anguilla,ISTP
2,agriffin,27,Male,Sudan,INFP
3,desiree34,33,Other,India,ESTP
4,thomaslaura,40,Male,Montenegro,INTP
5,ggregory,15,Female,Sweden,ESTP
6,brooksadam,32,Female,Macedonia,INTP
7,lewisjoshua,29,Male,Solomon Islands,ISFJ
8,meyersierra,32,Male,Trinidad and Tobago,ENFJ
9,tatedavid,45,Female,Bahrain,ENFP
10,hamiltonsteven,33,Female,Palau,ESTJ
11,donald22,41,Female,Cyprus,ESTJ
12,jenna28,48,Female,Dominican Republic,ESTP
13,ydavies,36,Male,Liberia,ENTP
14,janet29,21,Male,Comoros,ISTJ
15,gonzalezlarry,32,Female,Equatorial Guinea,ENFJ
16,melissa89,13,Male,Guam,ESFJ
17,luismcmahon,44,Other,Syrian Arab Republic,ENFP
18,nortonadam,31,Male,Sweden,ISFJ
19,leah91,15,Other,Ireland,ISFP
20,kylesanders,49,Female,Central African Republic,INTJ
21,dwilliams,13,Other,Lebanon,ENTP
22,qnguyen,24,Male,Tuvalu,ESFP
23,valdezjessica,38,Male,Mauritania,ENFJ
24,brettprince,18,Male,Guinea-Bissau,ESFJ
25,juangonzalez,31,Female,Canada,ENTP
26,saracochran,27,Female,Brazil,INTJ
27,raymond05,24,Female,Eritrea,INTJ
28,mgray,34,Female,Cayman Islands,INFJ
29,elizabethjohnson,48,Female,Afghanistan,ISFP
30,larsenmargaret,41,Female,Saint Lucia,ISTJ
31,susanchristian,46,Female,French Guiana,INTJ
32,garrett36,23,Male,Turks and Caicos Islands,ISTP
33,wmorris,22,Female,Samoa,INFP
34,susan87,47,Female,Cape Verde,ISTP
35,adam25,26,Male,Iraq,ISFP
36,wsparks,30,Male,Ecuador,ISFP
37,kellyfrench,15,Male,Suriname,ENTJ
38,holdenbrianna,22,Male,Slovenia,INTJ
39,oconnorbradley,20,Female,French Guiana,ENFP
40,erika96,34,Other,Saudi Arabia,ENTP
41,brianna30,17,Male,Falkland Islands (Malvinas),ENFP
42,deborahmorales,16,Male,Honduras,ISFP
43,dawnhoffman,46,Male,Palestinian Territory,INFJ
44,blake93,28,Male,South Georgia and the South Sandwich Islands,ISFJ
45,victor24,23,Male,Qatar,INFP
46,ellisnatasha,16,Male,Rwanda,ISFP
47,kellyweaver,36,Male,Palau,INTP
48,knightvictor,36,Male,Estonia,ENTJ
49,slee,36,Female,Kazakhstan,INFP
50,patrick18,38,Female,Uganda,INTP
51,samantha38,35,Female,Guinea,ESTJ
52,pittskristina,29,Female,Slovakia (Slovak Republic),ISFJ
53,ralph64,25,Female,South Africa,INFJ
54,michaelmaddox,37,Male,Netherlands Antilles,ISFJ
55,annette85,41,Female,Hungary,INTP
56,william75,37,Male,Honduras,ENTP
57,pchavez,21,Female,Faroe Islands,ENTP
58,kaitlyn12,21,Female,Spain,INFP
59,pcline,30,Female,Turks and Caicos Islands,ESFP
60,oburgess,22,Other,Estonia,ISFJ
61,susancook,38,Male,Senegal,INFJ
62,amanda64,15,Female,Greenland,INTP
63,kaitlin67,49,Female,Malawi,INTP
64,jromero,20,Female,Northern Mariana Islands,ENFP
65,jeffreyparks,36,Female,Faroe Islands,ESFJ
66,dmunoz,36,Male,Pakistan,INTP
67,timothygross,35,Male,United States Virgin Islands,ESTP
68,zmorgan,40,Female,Monaco,ESFP
69,sheri56,14,Female,Estonia,ENTJ
70,dprice,18,Female,Germany,ENTJ
71,justinpearson,43,Female,Saint Barthelemy,ISTP
72,kennethanderson,15,Male,United States Virgin Islands,ENFJ
73,barbercorey,48,Female,Bermuda,ENFP
74,xjones,17,Male,Belarus,ESFJ
75,ryanrussell,39,Male,United States Minor Outlying Islands,INFP
76,judith77,16,Female,Hong Kong,ISFJ
77,kcaldwell,13,Female,Brazil,ESTJ
78,jennifer61,30,Other,Ecuador,INFJ
79,brittany22,45,Male,Holy See (Vatican City State),ISFP
80,daniel72,34,Male,Algeria,ENFP
81,ijackson,28,Female,Madagascar,ESFP
82,eharrell,13,Female,Fiji,ESFJ
83,matthew62,34,Other,Czech Republic,INTP
84,ulopez,31,Female,Saint Barthelemy,ESTJ
85,colton15,40,Male,Egypt,ENTJ
86,thansen,42,Other,Guernsey,INTP
87,moranshawn,29,Other,Poland,INFJ
88,alanhicks,49,Female,Lao People's Democratic Republic,ESFJ
89,nancycook,42,Female,Finland,ESFP
90,sarah93,33,Male,Saint Pierre and Miquelon,INTJ
91,qcox,37,Female,United States Virgin Islands,ISFJ
92,campbellsandra,21,Other,Equatorial Guinea,ENFJ
93,ashley44,18,Female,Nigeria,ESTP
94,murillorobert,30,Female,United States of America,ESFJ
95,charlotte20,15,Male,Samoa,ENFP
96,byrdashley,42,Male,Singapore,INFP
97,rebecca07,14,Female,Cocos (Keeling) Islands,ESFP
98,henry16,46,Male,Somalia,ISFJ
99,patricia79,15,Female,Swaziland,ESFJ
100,christophersanders,40,Female,Georgia,ISTJ
101,michellebrooks,20,Female,French Southern Territories,INFP
102,lynn88,43,Male,Spain,ENTJ
103,jeanette64,42,Male,Angola,INTP
104,ellen88,46,Female,British Virgin Islands,ESFP
105,pittmanbrandon,32,Male,Indonesia,INFJ
106,sara09,23,Male,Latvia,ENTJ
107,yallen,49,Other,Aruba,INTJ
108,shawn07,16,Female,Netherlands,ISFJ
109,robertsonjoann,21,Female,Venezuela,ESFJ
110,zfarley,42,Female,French Guiana,ISTP
111,mcintyrecynthia,15,Male,Macao,ENTJ
112,kcastillo,34,Female,Lithuania,ENFJ
113,murphyalexander,45,Male,Guinea-Bissau,ESFJ
114,theresa19,23,Male,New Caledonia,ENTP
115,jonathan73,23,Male,Netherlands,ENFJ
116,davidmurray,38,Male,Puerto Rico,ISTJ
117,hodgeskim,38,Female,Falkland Islands (Malvinas),ISTJ
118,davidsmith,13,Female,Italy,INTP
119,james21,35,Female,Indonesia,ISFJ
120,tiffany91,28,Male,Ukraine,INTJ
121,gfrederick,35,Female,Angola,ENFP
122,smithmartha,31,Male,Hong Kong,INFP
123,ukelly,26,Male,Czech Republic,ENFJ
124,bernard53,48,Male,Nigeria,ESTJ
125,anthonyingram,39,Male,Saint Vincent and the Grenadines,ISFP
126,michaellee,26,Female,Macedonia,ESFP
127,joseph33,16,Male,Grenada,ESFJ
128,browntyler,34,Female,Western Sahara,INFP
129,mcphersonmario,44,Other,Saint Lucia,ISFP
130,dawn22,29,Female,Algeria,ISFP
131,thorn,38,Female,Fiji,INFJ
132,rittercynthia,47,Female,Kuwait,INFP
133,gonzalezjason,22,Male,Timor-Leste,INTJ
134,zjoseph,26,Male,Martinique,ENTJ
135,cory52,18,Male,Seychelles,ENFP
136,millermarie,48,Female,Turkmenistan,ISFP
137,harrellabigail,33,Male,Maldives,ENFJ
138,elizabeth60,39,Female,Eritrea,INTP
139,valenciagrace,25,Female,Saint Martin,ENFJ
140,ethan88,43,Female,Sierra Leone,INFP
141,jpittman,28,Female,Papua New Guinea,ESTP
142,derek80,38,Male,Bhutan,INFJ
143,collinselizabeth,18,Male,British Virgin Islands,INTP
144,castilloalexandria,22,Female,Argentina,ESTJ
145,freese,32,Male,Sweden,ESFJ
146,jesse99,18,Male,Wallis and Futuna,INFP
147,florescharles,30,Male,Madagascar,ESTP
148,smithmelanie,35,Other,Mayotte,ESTJ
149,amber79,48,Male,Bangladesh,ENFJ
150,perrymichael,45,Other,Benin,ISFJ
151,stonemary,14,Male,Uzbekistan,ISTP
152,timothy24,16,Male,South Georgia and the South Sandwich Islands,ENTJ
153,candice92,45,Female,Swaziland,ESFP
154,devon70,31,Female,Bangladesh,ENTJ
155,ritterheidi,35,Female,Netherlands,ISTJ
156,pfitzpatrick,37,Other,Costa Rica,ISFJ
157,daisygutierrez,42,Male,Jordan,ISFP
158,tammywarner,17,Male,United States Virgin Islands,ESTJ
159,lancetaylor,33,Female,Senegal,INFJ
160,troy41,28,Female,Guadeloupe,ISFJ
161,hjohnson,48,Female,Maldives,ISTJ
162,jlee,21,Male,Estonia,INTP
163,longdonna,40,Other,Finland,ESFJ
164,fordcarlos,41,Male,Denmark,INTJ
165,vaughnstephanie,28,Male,Sao Tome and Principe,INTP
166,johnsonkellie,18,Female,Guatemala,ISFJ
167,linda95,21,Male,India,ISFJ
168,bwalker,25,Female,Nigeria,ESTP
169,oyates,33,Female,Brunei Darussalam,ENTJ
170,harrisjoseph,31,Female,Gibraltar,ENTJ
171,christopherthompson,44,Male,United Arab Emirates,ISTP
172,uwilliams,38,Female,Cayman Islands,ISTP
173,qgonzalez,43,Male,Moldova,ISFP
174,boydchristine,39,Female,Micronesia,INFP
175,rogersdaniel,13,Male,Lesotho,ISTP
176,shawnrangel,33,Female,Reunion,ENTJ
177,newtontommy,39,Male,Canada,ISFP
178,imoore,33,Male,Kyrgyz Republic,INFJ
179,benjamin08,29,Male,Nauru,ENFP
180,sandra51,15,Male,Chile,INFP
181,ismith,28,Female,Zimbabwe,ESTJ
182,icox,33,Male,New Zealand,ISTJ
183,douglas70,20,Female,Poland,INTJ
184,tsmith,44,Other,Comoros,ESFP
185,richardsonbrianna,35,Female,Luxembourg,ESFJ
186,hwright,23,Female,Bangladesh,INFJ
187,victoria61,16,Female,Slovakia (Slovak Republic),ENFJ
188,gsampson,49,Male,Guinea-Bissau,INTJ
189,jeremyspencer,41,Male,Papua New Guinea,INFP
190,kayla86,42,Male,San Marino,ISFP
191,brenda48,14,Female,Nicaragua,INTP
192,brian63,38,Male,United States Minor Outlying Islands,ENFP
193,santanarobert,40,Female,Czech Republic,ENFP
194,rodgersjay,49,Female,United Kingdom,ISTP
195,rebecca23,21,Male,Estonia,ISTP
196,wilsonashley,36,Female,Tonga,ISFJ
197,jeremy85,19,Other,Netherlands Antilles,INFJ
198,caseyaaron,42,Female,Tuvalu,INTJ
199,gina30,19,Female,Cote d'Ivoire,ESTP
200,mcgrathjames,38,Female,Sweden,ENTJ
201,melendezsydney,20,Female,Lesotho,INFP
202,tina03,16,Female,Turkmenistan,INFJ
203,valeriehouston,29,Male,Armenia,INTJ
204,matthew06,27,Male,Bolivia,ENFP
205,kathleen13,33,Female,Vietnam,INTJ
206,vegamichele,19,Male,Switzerland,ESFP
207,mcintoshsara,31,Female,Italy,INTP
208,burgessjay,23,Male,Switzerland,ISTP
209,davidlaura,42,Female,Fiji,INFJ
210,dbradshaw,42,Male,Korea,ENFJ
211,claytonsamantha,13,Male,Falkland Islands (Malvinas),ESFJ
212,frederick42,21,Female,Thailand,ISFP
213,potterscott,20,Female,Haiti,ISFJ
214,bradleywilliamson,20,Male,South Africa,ESTJ
215,richardsbrent,19,Other,Uganda,ISFJ
216,jjohnson,32,Female,Liberia,ISFJ
217,karen49,24,Male,Bhutan,ISFJ
218,adouglas,42,Female,Cocos (Keeling) Islands,INTP
219,joshua88,24,Male,Finland,ENTP
220,jessehamilton,27,Female,Mongolia,ESFJ
221,ryanharris,19,Female,South Africa,ISTP
222,jennifer87,13,Other,Dominica,ESTJ
223,collinsdonald,44,Female,Mauritania,INFP
224,veronica19,27,Other,Denmark,ENFJ
225,leonard90,19,Male,Dominican Republic,ISFJ
226,zyates,47,Female,Korea,INFP
227,taylor28,29,Male,Lao People's Democratic Republic,ENFJ
228,schaeferjeffery,14,Female,Bangladesh,ESFP
229,kimberly34,36,Other,Thailand,ISTP
230,francisco46,28,Male,United States of America,ISTP
231,elizabeth71,44,Other,Egypt,ENTJ
232,sarahreese,23,Male,Kenya,ISFJ
233,heather05,17,Male,Samoa,ESFP
234,fcarpenter,48,Male,Spain,ENFJ
235,zvelasquez,41,Female,Macedonia,INFJ
236,garciacrystal,36,Other,El Salvador,INFJ
237,sbell,23,Female,Nepal,ENFJ
238,shieldsvictoria,13,Female,Iran,INFJ
239,laurenlopez,43,Female,Western Sahara,ESTJ
240,michael16,20,Female,Norfolk Island,ISTP
241,smithtasha,18,Male,Serbia,ESTP
242,sstanley,26,Female,Poland,ENFJ
243,davidgonzalez,22,Male,Mayotte,ISFJ
244,thomas90,15,Female,Philippines,INTJ
245,danieljensen,48,Female,Romania,INTP
246,kemperin,35,Other,Vanuatu,INFJ
247,selenalambert,34,Male,Congo,ENFJ
248,davisanthony,49,Female,Uganda,INTP
249,patricia40,16,Female,Fiji,INTJ
250,hedwards,49,Female,Russian Federation,INTP
251,robert29,30,Male,Djibouti,ISFJ
252,yvonne28,38,Female,British Indian Ocean Territory (Chagos Archipelago),ESFJ
253,francisco92,16,Female,Denmark,ISFP
254,gtyler,41,Female,Aruba,ENFP
255,reidthomas,16,Male,Eritrea,INFP
256,kennethmiller,23,Male,Tajikistan,INTP
257,brownjeffrey,48,Female,Ireland,INTJ
258,mcknightpamela,33,Female,Montenegro,ESFP
259,yoderclinton,47,Female,Czech Republic,ESTP
260,chandlercynthia,38,Male,Bulgaria,ENFP
261,shelby30,13,Female,Kuwait,ENFP
262,maxwelllyons,19,Female,Honduras,ENFJ
263,vfranklin,30,Female,Saint Lucia,ENTP
264,wmoreno,17,Female,Niue,INTJ
265,stonejeffrey,45,Female,Zimbabwe,INTP
266,sandersmichelle,32,Female,Qatar,INFP
267,abishop,48,Male,Sao Tome and Principe,ESFP
268,tpalmer,26,Other,Peru,INFP
269,burnsronald,14,Male,Peru,ISTJ
270,ndaniels,49,Female,Liberia,ESFJ
271,kevinadams,44,Female,French Southern Territories,ENFJ
272,ghutchinson,14,Male,Switzerland,ENTJ
273,hamiltoncatherine,47,Female,Maldives,ENTP
274,bellis,17,Male,India,INTJ
275,ashley58,19,Female,Pitcairn Islands,ESFP
276,davilagabriel,15,Male,Tajikistan,ENFJ
277,wshaw,34,Other,Saint Barthelemy,ISTP
278,christinaking,45,Female,Western Sahara,ESFP
279,jamesriley,31,Other,Kenya,INFP
280,nancy01,49,Male,Thailand,ENFJ
281,mckenzie45,26,Male,Thailand,ENFJ
282,brandonmcdowell,34,Male,Antarctica (the territory South of 60 deg S),INFP
283,kelly38,45,Male,Lithuania,INFP
284,wrightalicia,31,Female,El Salvador,ENTJ
285,leemichael,28,Male,Bulgaria,INTJ
286,davidrogers,20,Male,Cook Islands,ENFJ
287,delgadovanessa,36,Female,Kenya,ENTP
288,melissa31,37,Other,Saudi Arabia,INFJ
289,macosta,14,Other,Western Sahara,INTJ
290,ashley07,44,Female,Finland,ISTJ
291,henry19,39,Male,United States Virgin Islands,ESTP
292,davismelinda,19,Male,Lebanon,ISTJ
293,collinsjennifer,33,Female,Cote d'Ivoire,ENTP
294,cannonjustin,15,Male,Mali,ESFP
295,jeffrey21,37,Female,Liechtenstein,ESFP
296,michael10,31,Male,Guatemala,ENTP
297,rogersryan,22,Female,Belize,ISTP
298,martinezjaime,30,Male,Croatia,ENFP
299,sandra42,39,Female,Suriname,INFP
300,lindahenderson,34,Male,Congo,INTJ
301,ashleymoore,17,Female,Mayotte,INFP
302,butlertimothy,46,Other,Hong Kong,ESTP
303,jamie53,39,Male,Dominican Republic,ENFJ
304,cooperadriana,13,Male,Reunion,ENTP
305,fernandezcathy,45,Male,Nauru,ISTJ
306,danielle34,29,Male,Mexico,ISTJ
307,littlestephen,23,Male,Philippines,ESFP
308,lburke,29,Female,Congo,ENTP
309,slewis,36,Male,Hong Kong,ISFP
310,wandrade,32,Male,Antarctica (the territory South of 60 deg S),ISTJ
311,williamsjacob,35,Male,South Africa,ENTP
312,joshua06,13,Male,Turks and Caicos Islands,ISTJ
313,amy50,21,Female,Guatemala,INFJ
314,john80,22,Other,Mauritius,ESFP
315,michellemills,47,Female,Liberia,ENFP
316,janicelopez,15,Male,Spain,ESFP
317,buckleyangela,14,Male,Mauritius,INFJ
318,wmalone,45,Male,Dominican Republic,ENFP
319,torrestammy,19,Male,Equatorial Guinea,INFJ
320,loretta97,24,Female,Iran,INFJ
321,victoriasanchez,48,Female,Brazil,ESFP
322,sharon44,26,Female,Gibraltar,ESFJ
323,williamserin,47,Female,Mauritania,ENFJ
324,jose59,16,Male,Saint Lucia,ESFJ
325,xreyes,33,Female,Marshall Islands,ESFJ
326,howellkenneth,26,Male,Cayman Islands,ENFP
327,brittanygrant,38,Female,Taiwan,ESTP
328,robert74,45,Female,Brunei Darussalam,ENTP
329,cpeters,23,Female,Lao People's Democratic Republic,INFJ
330,smanning,13,Other,Greenland,ISTP
331,lisagarza,41,Other,Bosnia and Herzegovina,INTP
332,eric88,27,Female,Saint Kitts and Nevis,ENTJ
333,wilsonkaren,36,Male,New Caledonia,ESFP
334,brandon79,48,Female,Antigua and Barbuda,INFP
335,brian83,48,Other,Lao People's Democratic Republic,ESTP
336,mluna,32,Other,Burundi,ESFP
337,kristin57,38,Male,Guam,ESTP
338,kelseywilson,34,Female,Solomon Islands,ESFJ
339,richard76,23,Male,Saint Barthelemy,ESTJ
340,jacksonkristin,26,Other,Cyprus,ESTJ
341,jennifer63,41,Female,Papua New Guinea,INTP
342,justingutierrez,38,Female,Ghana,ENFJ
343,ajohnson,27,Male,Albania,ISFJ
344,ronald69,36,Female,Cambodia,ENTJ
345,patrickparker,46,Female,Heard Island and McDonald Islands,ESFP
346,valenciabrenda,15,Male,British Indian Ocean Territory (Chagos Archipelago),INTJ
347,huntbrittany,38,Female,Gibraltar,ISFP
348,bradley28,24,Female,Latvia,ISFJ
349,fitzgeraldjennifer,39,Female,Greece,INTP
350,payneamanda,27,Female,Korea,ENFJ
351,rebecca22,39,Other,Antigua and Barbuda,ESFP
352,kingcory,15,Male,Philippines,ESFJ
353,daniellehubbard,23,Male,Afghanistan,ISFJ
354,wellsmarc,17,Male,Yemen,ESFJ
355,stephaniegreen,17,Female,Bulgaria,ENTJ
356,janet79,34,Female,Bahamas,INFJ
357,brownzachary,35,Other,Western Sahara,ENFP
358,johnrobertson,43,Male,Panama,ISTJ
359,phansen,15,Female,Lao People's Democratic Republic,ENFJ
360,nguyenvictoria,44,Male,Aruba,INTJ
361,sarahwoods,46,Female,Albania,INTP
362,scott51,22,Female,Kiribati,ESFP
363,lhunt,42,Female,Dominica,INFP
364,csanchez,16,Female,Puerto Rico,INFJ
365,pmorrison,41,Female,Mauritania,ENFP
366,shawstacey,49,Male,Malta,ISFJ
367,qtaylor,27,Male,Denmark,ESFJ
368,anthony35,28,Male,Russian Federation,INFP
369,robinanderson,40,Male,Croatia,INTJ
370,mmartinez,22,Male,Puerto Rico,ENTP
371,jessicafry,35,Female,India,ISFP
372,jrichards,26,Other,Uruguay,ESTJ
373,andre87,33,Male,Austria,ESTP
374,richard87,16,Female,Cayman Islands,INTJ
375,dsilva,43,Female,Iceland,ISFJ
376,kylemason,49,Male,Liberia,INTJ
377,potterbrian,46,Female,Malaysia,INTJ
378,tracygreen,19,Male,Eritrea,ENTJ
379,peckstanley,28,Female,Uzbekistan,ISTP
380,johnsonpaul,26,Male,Iran,ENFP
381,davidbradley,49,Female,Liberia,ESTP
382,samuelgibson,30,Female,Uganda,ENTP
383,aaronhawkins,32,Male,Qatar,ESTJ
384,tanya50,25,Other,Namibia,ESFP
385,susan42,36,Male,British Indian Ocean Territory (Chagos Archipelago),ISFJ
386,allisonblankenship,36,Male,Congo,INTJ
387,kyleolson,20,Other,United Arab Emirates,ESTJ
388,logancurtis,40,Male,Armenia,INTP
389,sanderskelsey,17,Female,Pakistan,INFP
390,lgould,44,Male,Djibouti,ESTP
391,rebeccaadams,16,Other,Bangladesh,ESFP
392,jessewoods,18,Male,Turkey,ESTJ
393,msmith,39,Male,Russian Federation,ESFJ
394,zglenn,15,Female,Cape Verde,INTP
395,mason01,20,Female,Kazakhstan,INTP
396,everettdrew,39,Male,Yemen,INTJ
397,kathrynreynolds,32,Male,Portugal,INFP
398,ndodson,24,Female,Canada,INFP
399,christina92,24,Male,Poland,ESFP
400,diane86,48,Male,Christmas Island,ISTJ
401,ogray,36,Male,Tonga,ESTP
402,andrew54,42,Male,Costa Rica,ENTP
403,olong,48,Female,American Samoa,INFJ
404,edyer,34,Male,Gabon,INTP
405,walterbell,41,Male,Saint Barthelemy,ENTJ
406,amanda22,46,Female,Russian Federation,INTJ
407,wilkinschristopher,18,Male,Bahrain,ENTP
408,courtneybutler,18,Male,United States of America,ISFP
409,reeddavid,17,Male,Cocos (Keeling) Islands,INTJ
410,gbrady,29,Other,Anguilla,INTP
411,joseph28,13,Male,Italy,ISFJ
412,sherry50,45,Female,Uganda,ISTP
413,miaroth,44,Male,French Polynesia,ESTP
414,perrysarah,43,Female,France,INFP
415,patricia45,26,Other,Croatia,ESFP
416,hpowell,42,Male,Iran,ISTP
417,anthonyrios,43,Male,Myanmar,INTJ
418,scampbell,22,Female,Mauritania,ESFJ
419,morgan61,40,Female,Moldova,ISTP
420,browncorey,40,Male,Saint Lucia,ENTJ
421,jessicaquinn,41,Male,Turks and Caicos Islands,INTJ
422,mikehernandez,42,Female,Brunei Darussalam,ENTP
423,dbryant,49,Other,Brazil,INFJ
424,hurleymary,44,Female,Uganda,ISFP
425,chad37,20,Male,Bahrain,INTJ
426,amanda02,19,Female,Spain,ESFP
427,melindajones,48,Male,Anguilla,INFJ
428,changshelley,47,Male,Austria,INFP
429,susanadams,35,Male,American Samoa,ISTP
430,jasonwilliams,24,Female,Honduras,ENTJ
431,bondlarry,45,Male,Saint Vincent and the Grenadines,INTP
432,briannawillis,35,Male,Nepal,ISTJ
433,katherine98,18,Male,South Georgia and the South Sandwich Islands,ENFJ
434,akelly,33,Male,Botswana,ENTP
435,doylerobin,49,Male,Timor-Leste,INTP
436,brianhamilton,44,Other,Kiribati,INFJ
437,christopherherrera,43,Male,Czech Republic,ISTJ
438,glassmichael,49,Other,Andorra,INTP
439,jonesmary,24,Female,British Indian Ocean Territory (Chagos Archipelago),ENFP
440,amiller,21,Other,Syrian Arab Republic,ENTJ
441,ilogan,27,Female,Mauritania,ISFP
442,fpeters,25,Female,American Samoa,ESFJ
443,bradleymartin,42,Female,Czech Republic,ESTP
444,tiffanyjohnson,20,Male,Mauritania,ISFJ
445,christopherwilliams,42,Female,Mexico,ESFJ
446,millerjeremy,29,Male,Gambia,ISFP
447,comptonlisa,25,Other,Serbia,ESTJ
448,hoganjustin,39,Female,Zambia,ESFP
449,mcguireroy,37,Male,Martinique,ENFP
450,michaelbrown,44,Female,Anguilla,INFP
451,swatson,22,Male,Taiwan,INTP
452,kmichael,39,Male,Ghana,ENTP
453,parkerkimberly,43,Female,El Salvador,ESTJ
454,dalefuller,34,Male,Slovenia,ENTJ
455,amybrown,44,Female,Albania,INTJ
456,hectorcarroll,32,Male,Argentina,INFJ
457,christopherthomas,42,Female,Liberia,ESTP
458,david53,28,Female,Niger,ENTJ
459,cjennings,18,Male,British Indian Ocean Territory (Chagos Archipelago),ISFP
460,deannaanderson,21,Female,Bolivia,INTJ
461,leemichael,37,Female,Germany,ESFP
462,chelsea96,31,Male,Turks and Caicos Islands,ISFP
463,nancyking,21,Male,United States Minor Outlying Islands,INTJ
464,floresjordan,43,Male,Belize,ENFJ
465,vsparks,49,Male,Aruba,ISFJ
466,sloanjames,13,Female,Pakistan,ISFJ
467,robert01,44,Female,French Southern Territories,INTJ
468,jason21,31,Male,Lao People's Democratic Republic,ENTP
469,penny16,33,Female,Seychelles,ISFP
470,brandon11,37,Male,Chad,ISFP
471,bauerheather,32,Other,Antarctica (the territory South of 60 deg S),ENFP
472,arussell,17,Male,Saint Barthelemy,INTJ
473,brownjohnathan,28,Male,Argentina,ESTP
474,hailey59,45,Male,Cuba,ENFP
475,smitheric,20,Female,Central African Republic,ENTJ
476,heather29,47,Male,Mauritania,ESTJ
477,thomas58,13,Female,Northern Mariana Islands,ISTJ
478,ellisrandy,13,Female,Tonga,ESFJ
479,adamsyvonne,45,Male,Nauru,ENTP
480,tchen,34,Male,Vanuatu,INFP
481,beckertravis,39,Male,Guinea,ESTJ
482,jcampbell,27,Male,Austria,ENFJ
483,fjohnson,38,Female,Greenland,ISTJ
484,ashleybradley,33,Male,Qatar,ESFP
485,fross,23,Female,Netherlands Antilles,ENFP
486,upotter,28,Male,Niger,ISTJ
487,rebeccasmith,31,Female,Montenegro,ENTJ
488,suttonyolanda,44,Male,Pitcairn Islands,ENTJ
489,qmorrison,25,Male,Tunisia,INFJ
490,scombs,30,Other,Malaysia,ESTJ
491,laurarosario,43,Female,Mayotte,INTJ
492,kararowe,42,Other,Albania,ENFP
493,tcortez,14,Female,Bermuda,ENTP
494,fmorris,19,Male,Ghana,INFJ
495,ronaldjohnson,17,Female,Montenegro,INFP
496,csims,25,Other,Cocos (Keeling) Islands,ESTP
497,davidcantrell,20,Other,Morocco,ISFP
498,stevensjoshua,37,Female,India,ENTP
499,holderpatrick,33,Female,Saint Martin,ENFJ
500,shull,33,Male,Vietnam,ISFP
501,agarcia,48,Other,China,INFP
502,jwilliams,31,Female,Turkmenistan,ESTJ
503,tammie56,15,Female,Saint Barthelemy,ENTP
504,ithompson,41,Male,France,ESTJ
505,harpercolleen,35,Female,Japan,INFP
506,adamsjacqueline,17,Male,British Virgin Islands,ESTP
507,john13,33,Female,Pakistan,ISTP
508,erin97,33,Male,Mexico,INTP
509,carlosferguson,20,Other,United Arab Emirates,ESFJ
510,xsims,31,Other,Uzbekistan,INFJ
511,jessicaanderson,36,Male,Senegal,ESFP
512,salazarclinton,15,Male,Montserrat,INFJ
513,seanjames,33,Female,Sri Lanka,INTJ
514,owilliams,26,Male,Benin,ISTP
515,veronicacolon,48,Female,Guyana,ENFP
516,michael46,44,Male,Bangladesh,INFJ
517,jacksonpatricia,13,Male,French Guiana,INTJ
518,dukerichard,36,Female,Colombia,INTP
519,dboyd,21,Female,Moldova,INFJ
520,cmanning,43,Other,Botswana,INFP
521,wilsonerin,46,Male,Christmas Island,ESFP
522,kelleymonica,29,Male,Greece,ENFP
523,campbelldylan,45,Male,Yemen,ISFJ
524,lloydwilliam,37,Female,Uganda,ESFP
525,kellyamy,45,Female,Isle of Man,ISTP
526,clarkcharles,38,Female,Palestinian Territory,ENFJ
527,laurenrobinson,41,Other,Fiji,INFJ
528,jestes,45,Female,Cape Verde,INTP
529,susanlane,17,Male,Iraq,ENFJ
530,qsmith,17,Male,Poland,INFP
531,steven26,48,Male,Oman,INFP
532,thomasjose,25,Female,Philippines,INTJ
533,enguyen,45,Male,Aruba,ESFP
534,dennisbenitez,39,Female,Egypt,ISTP
535,jacksonchristina,17,Female,Turks and Caicos Islands,INFJ
536,amanda75,22,Female,Togo,INFP
537,lharmon,29,Female,Grenada,INFJ
538,erichamilton,38,Female,Cayman Islands,ISTJ
539,donna23,33,Female,Aruba,ESTP
540,wellsbruce,33,Male,Guam,ESFJ
541,brandon19,42,Other,Cuba,ENFP
542,rebecca35,17,Female,Comoros,INFJ
543,floresanthony,33,Female,South Africa,ISTP
544,lisataylor,33,Other,Falkland Islands (Malvinas),INFP
545,joshuajones,30,Female,United States Minor Outlying Islands,ENTJ
546,smithtara,38,Male,Central African Republic,ISTJ
547,cpalmer,29,Female,Bouvet Island (Bouvetoya),ENFP
548,jessica25,21,Other,Guinea-Bissau,ENFJ
549,kathleenrodriguez,30,Female,Portugal,ENFP
550,huynhkimberly,20,Male,Cocos (Keeling) Islands,INTJ
551,whitemargaret,46,Male,Egypt,ESTP
552,williamskelly,45,Female,French Southern Territories,ISTJ
553,hspears,44,Female,Niger,ISTJ
554,cynthia24,28,Male,Cameroon,INFJ
555,gerald99,26,Male,Ghana,ISFP
556,kevinavery,16,Other,Trinidad and Tobago,ISTP
557,benjaminmendoza,44,Female,Belarus,ISFJ
558,qsilva,38,Male,Brazil,INFJ
559,shannonspencer,23,Other,Paraguay,INFP
560,tylermatthew,21,Other,New Caledonia,ENFJ
561,fernandezmolly,26,Male,Guinea,ISFP
562,gillkatherine,38,Female,Kyrgyz Republic,INFJ
563,johnsonkerry,46,Male,Zambia,ENTJ
564,lpatrick,14,Male,Faroe Islands,ISFP
565,kimberly37,19,Male,Palestinian Territory,ESFP
566,zvilla,24,Female,Saint Lucia,ENFP
567,lopezmelissa,36,Male,France,ISTJ
568,hansenmelissa,35,Male,Martinique,ISTP
569,ybruce,29,Female,Ukraine,ENTP
570,smithmichelle,31,Female,Christmas Island,ESTJ
571,ian36,36,Female,Sudan,ENTP
572,rossjason,22,Female,Norway,ENTJ
573,fergusontiffany,40,Male,Gambia,ISTP
574,james85,14,Male,Antarctica (the territory South of 60 deg S),ISFJ
575,ericdixon,39,Female,Pitcairn Islands,ESTJ
576,danielbowman,37,Female,Macedonia,INTP
577,taylorbryan,20,Male,Pitcairn Islands,INFP
578,sean44,23,Female,Trinidad and Tobago,INFJ
579,rcarter,48,Female,Libyan Arab Jamahiriya,ISTP
580,jordandoris,46,Male,Ukraine,ESFP
581,sanchezandrew,40,Female,Guyana,ISTP
582,james04,17,Female,Pakistan,ESTP
583,tdickerson,47,Female,Mauritania,ISFP
584,ycervantes,18,Female,United States Minor Outlying Islands,INFJ
585,upaul,34,Male,Montserrat,ISFJ
586,scottwebb,25,Male,Japan,ENTJ
587,mconner,21,Other,Croatia,ENTP
588,clarkdawn,22,Female,United States of America,ENFP
589,amandawheeler,18,Male,Solomon Islands,ISFJ
590,lovedaniel,30,Female,Ireland,ESTJ
591,twu,18,Female,Uganda,ESTJ
592,daniellechan,42,Male,Cameroon,INTP
593,navarromichele,34,Other,Niger,ESTP
594,christopher44,33,Female,South Georgia and the South Sandwich Islands,ENTP
595,rblair,33,Female,Norfolk Island,ISTJ
596,adrianmorse,33,Other,Andorra,ENFJ
597,randalloconnor,20,Female,Mali,ESFP
598,april49,42,Male,Belgium,ENFP
599,mark20,38,Male,Saint Pierre and Miquelon,ISTJ
600,yhicks,22,Male,Benin,ENFJ
601,wmurillo,30,Male,Saint Kitts and Nevis,ENTJ
602,ashley61,26,Male,Heard Island and McDonald Islands,ENTJ
603,langelizabeth,23,Female,Ghana,ENFP
604,michele56,14,Other,Svalbard & Jan Mayen Islands,INFJ
605,ericagomez,39,Female,Mauritania,ENTP
606,bcooke,40,Female,Djibouti,INTP
607,jaredharris,31,Female,Grenada,ENFP
608,andrew30,36,Female,Lesotho,INTJ
609,qaustin,13,Female,Germany,INFP
610,tyler61,29,Female,Mozambique,ESTJ
611,hallrobert,31,Female,Maldives,INFP
612,jenny69,44,Female,Jersey,ISFJ
613,ftaylor,19,Male,Tokelau,ENFP
614,philipvasquez,38,Male,Mayotte,ENTP
615,jaclynalvarez,26,Female,Saint Vincent and the Grenadines,ISFP
616,justin82,29,Other,Oman,INTP
617,jeremyserrano,14,Male,Costa Rica,ISTP
618,denniscasey,36,Other,Western Sahara,ISTJ
619,christina97,43,Male,Slovakia (Slovak Republic),ESFP
620,geraldvelasquez,25,Female,Greece,ENTJ
621,watsonjeremy,42,Female,Niger,ENTP
622,macdonaldkatherine,23,Male,Kuwait,ISFJ
623,tannermichael,24,Male,France,INFJ
624,joseph73,14,Female,Cape Verde,ESTJ
625,dunlaplisa,16,Male,Gambia,ISFP
626,gduran,45,Other,Zambia,ENTJ
627,sweeneysteven,14,Female,Aruba,ESTJ
628,jeffrey41,20,Male,Cambodia,ESTP
629,theresa38,49,Other,Cyprus,ISFP
630,dcuevas,42,Female,United Kingdom,INTJ
631,thicks,45,Female,Cayman Islands,ESTJ
632,taylorlaurie,13,Male,Jordan,ENTJ
633,jonesnicholas,47,Female,Israel,ISFP
634,vbrooks,16,Female,Saint Martin,INTP
635,thenry,13,Female,Pitcairn Islands,ESFP
636,jacob56,16,Male,Western Sahara,ENTP
637,lauren63,31,Female,Dominican Republic,ISFP
638,ndixon,16,Female,Ghana,ISTJ
639,juliegarrett,18,Female,Suriname,ISFJ
640,mbird,47,Female,United Arab Emirates,ENFP
641,yanglisa,42,Male,Switzerland,ESTP
642,vsherman,29,Male,Spain,ENFJ
643,kcastro,49,Male,Saint Lucia,ISFP
644,zacharyayers,23,Female,Ethiopia,INFJ
645,villarrealjulia,49,Male,Comoros,ESTP
646,zadams,37,Male,Oman,INFJ
647,staffordpatrick,36,Female,Sri Lanka,ENFJ
648,awilson,41,Other,Rwanda,INFJ
649,nedwards,48,Male,Monaco,INFJ
650,blakekelsey,42,Other,Hong Kong,INTJ
651,peterwelch,38,Female,Ireland,ESFP
652,barberlisa,49,Male,Kenya,ENTP
653,paul58,48,Other,Wallis and Futuna,ENFJ
654,josephwashington,38,Female,Nigeria,ENFP
655,stewartjuan,14,Female,Italy,ESFP
656,jennifergomez,25,Other,Korea,ESTP
657,frederickdevin,48,Other,Ireland,ENFP
658,ryan11,20,Male,Vanuatu,ESTP
659,qcole,30,Male,Chile,ISFJ
660,hooverdavid,41,Male,Falkland Islands (Malvinas),INTJ
661,allenbradley,21,Male,Cook Islands,ENTP
662,natashaspencer,13,Male,Guam,ENFP
663,diazsylvia,19,Female,Belarus,ESFJ
664,clarkscott,41,Male,Kuwait,ESFP
665,evansdiana,43,Male,Trinidad and Tobago,ENFJ
666,kim68,22,Male,Singapore,ESFP
667,gvelasquez,35,Female,Hong Kong,ISFJ
668,johnsontracie,36,Male,Zimbabwe,ENFJ
669,ashley45,14,Female,Angola,INTP
670,robertmckinney,24,Other,Belgium,ENFJ
671,matthewsdiane,26,Female,Chad,INTP
672,pvazquez,45,Female,United States of America,ESTP
673,vyu,15,Female,Christmas Island,INTJ
674,chelsea54,45,Male,Syrian Arab Republic,ISTP
675,meghanfuller,13,Male,Liechtenstein,ISFP
676,psosa,33,Other,Christmas Island,INFJ
677,etorres,38,Male,Guinea,ISTP
678,lesliewalter,14,Other,Czech Republic,INTJ
679,adamslauren,45,Male,Saint Helena,ESTP
680,jamesbrooks,28,Other,Sweden,ESFP
681,evancarter,45,Other,Turkey,ENFJ
682,johnsonkurt,31,Female,Christmas Island,ENTP
683,brianrobinson,46,Female,Denmark,INTJ
684,bberger,22,Other,Armenia,ISTP
685,clarkkelly,18,Other,Kenya,ISFJ
686,smithrobert,22,Male,Norfolk Island,ENTJ
687,david37,14,Other,Cayman Islands,ESFJ
688,patriciamoore,25,Female,Bahrain,ESFP
689,nancy27,48,Male,Iran,ESTP
690,richard43,19,Female,British Indian Ocean Territory (Chagos Archipelago),INTP
691,billwatts,26,Other,Albania,ISFP
692,jasonthompson,37,Female,Puerto Rico,INFJ
693,mtorres,49,Other,Christmas Island,ESFP
694,suzanne43,46,Other,Swaziland,INFJ
695,kklein,39,Male,Iceland,ESTP
696,blairtina,37,Female,Palestinian Territory,ESTJ
697,gregory86,19,Male,Libyan Arab Jamahiriya,ESTP
698,clarkemichael,33,Male,Honduras,INTP
699,lauradavid,42,Female,Tunisia,ENFP
700,hhancock,29,Male,Saint Kitts and Nevis,INFJ
701,jose39,34,Male,United States of America,ISFJ
702,vwelch,24,Female,Nauru,ENFP
703,crystal81,27,Female,Switzerland,ISTP
704,michael62,42,Female,Mexico,ISTJ
705,brownbarbara,24,Female,Slovenia,ENTP
706,melanie43,17,Other,Cape Verde,ESFJ
707,amberserrano,14,Male,Montenegro,ENFJ
708,joshuabrady,40,Male,Guyana,ISFJ
709,richard82,38,Male,Fiji,ESTJ
710,daisy29,46,Male,Syrian Arab Republic,ISTJ
711,haneycaitlin,14,Male,Kiribati,INTP
712,wwinters,32,Other,Zimbabwe,ESFJ
713,laura16,49,Female,Faroe Islands,ENTJ
714,evaughn,28,Female,Sudan,ENFP
715,cookmargaret,21,Other,Ethiopia,ISFP
716,brownphilip,47,Female,Iran,ISTJ
717,zhoward,17,Female,Jersey,ESFJ
718,jeremyfields,24,Male,Austria,ESFJ
719,mariataylor,25,Female,Spain,INTP
720,scott65,30,Male,Malta,ISFP
721,anitacameron,48,Male,Guyana,ISFJ
722,zyoung,49,Female,Turks and Caicos Islands,ESTP
723,johnwoods,14,Male,Mauritius,INFP
724,sjohnson,34,Female,Malaysia,ISTJ
725,melissawilliams,20,Female,Netherlands,ESTP
726,nathan59,17,Female,Western Sahara,INTJ
727,lindseysmith,24,Female,Bulgaria,ESFP
728,mary63,44,Male,Honduras,INTP
729,pspencer,25,Female,Netherlands Antilles,ENTP
730,jerrylowery,41,Male,Austria,ISTJ
731,mackenziewalters,31,Female,Malta,ISFP
732,cynthia78,24,Male,Bahrain,ESTP
733,sjones,36,Other,Saint Kitts and Nevis,ENTP
734,kristen79,44,Male,Dominica,ESTP
735,sarabarrett,42,Male,Guyana,ENTP
736,chelseatorres,17,Female,New Caledonia,ISTJ
737,carlwagner,28,Male,Kazakhstan,ESFJ
738,collierkathy,41,Male,Micronesia,ENFP
739,schultzlisa,13,Female,Singapore,INTP
740,anthony71,37,Female,Somalia,INTJ
741,douglasjennifer,38,Male,Greenland,INTP
742,lleon,49,Female,Armenia,INFJ
743,mcphersonjuan,49,Female,Grenada,ISTP
744,mgray,39,Female,Sao Tome and Principe,ISFP
745,cjones,24,Female,Belize,ISTP
746,ecook,28,Female,Brazil,INFP
747,irivas,44,Male,Dominican Republic,ISTJ
748,montgomerylaura,49,Female,Saint Pierre and Miquelon,ISTP
749,kelly30,17,Male,Tuvalu,ESFJ
750,jhernandez,21,Male,Brazil,ISTJ
751,jacksonamber,38,Female,Reunion,INFJ
752,richardhernandez,29,Male,Angola,ENFJ
753,gordonwendy,19,Other,Spain,ESFJ
754,mezanathan,46,Male,Bouvet Island (Bouvetoya),ISTP
755,danielross,18,Male,Sudan,ESFJ
756,coloncrystal,49,Male,Japan,ENTJ
757,patty92,48,Male,Zambia,ESTP
758,fulleralexandra,46,Female,Portugal,ESFJ
759,jasonharrison,13,Female,Albania,ISFP
760,amanda18,15,Female,Turkmenistan,INTP
761,fletchercody,22,Male,Armenia,ESTJ
762,nmccarthy,18,Male,Somalia,ISTJ
763,martindiaz,32,Male,Spain,INTP
764,stacy11,46,Male,Jamaica,ESTP
765,josephross,31,Female,Guadeloupe,ISFJ
766,mary47,23,Other,Chile,ESTP
767,leah72,27,Male,Sao Tome and Principe,ENFP
768,kburke,23,Female,Macao,INTJ
769,masseymartha,27,Female,Bhutan,ISFJ
770,silvabridget,33,Female,Bhutan,INTJ
771,bob49,48,Female,Tonga,ESFP
772,ajohnson,37,Male,Timor-Leste,ISFJ
773,daniellestone,15,Female,Yemen,ESTP
774,spencer80,17,Female,Armenia,INTP
775,john88,32,Female,Malawi,ISFJ
776,rwatkins,32,Other,Canada,ENFP
777,fmorales,43,Female,Svalbard & Jan Mayen Islands,ENTJ
778,charles28,13,Male,Qatar,INTP
779,richard76,22,Male,New Zealand,ESFJ
780,nancy93,48,Male,Nepal,INFP
781,angela27,29,Female,Isle of Man,ESFP
782,ryanthompson,44,Other,Hungary,ENFP
783,mooresusan,46,Female,Bouvet Island (Bouvetoya),ISFP
784,tbarnes,42,Female,Micronesia,ISFJ
785,mary08,20,Male,Reunion,ISTP
786,glowery,43,Male,Cuba,ENFJ
787,ymyers,22,Other,Cuba,ESTP
788,baileyjustin,42,Male,Angola,ENTP
789,jamiesims,30,Male,Equatorial Guinea,ENFP
790,tclark,38,Male,Tanzania,ISFP
791,ryandyer,25,Male,Barbados,ESFP
792,vcook,22,Female,Guadeloupe,INTJ
793,michaelperez,13,Other,Macao,INTJ
794,johnjohnson,23,Male,Saint Helena,ESFJ
795,angela37,27,Male,Ukraine,ISTP
796,mitchelljames,25,Female,Niger,ESTJ
797,ngarcia,30,Female,Saudi Arabia,ENFP
798,wgreen,41,Female,Morocco,ISFP
799,wcantu,25,Male,Liechtenstein,ESFJ
800,gjennings,34,Female,New Zealand,ENTJ
801,sandysanders,43,Female,Bouvet Island (Bouvetoya),INFJ
802,zbecker,25,Male,Azerbaijan,ESTP
803,bhardy,39,Male,Hungary,INFJ
804,danielnicholson,33,Female,Libyan Arab Jamahiriya,ENFP
805,stokeskyle,32,Male,Kyrgyz Republic,ISTJ
806,kathrynbecker,15,Female,Antarctica (the territory South of 60 deg S),ESTP
807,weaverjennifer,29,Male,Sweden,ISTP
808,rodriguezbeth,14,Male,Dominican Republic,ISTP
809,joseph02,21,Female,Argentina,INFJ
810,laura97,29,Other,Sao Tome and Principe,ESFP
811,cowanjennifer,46,Female,Vietnam,ESTJ
812,bdavis,17,Male,Madagascar,INTP
813,robertsandrew,39,Male,Guatemala,ENFJ
814,nsmith,15,Male,Netherlands Antilles,INTJ
815,qlawrence,18,Female,Equatorial Guinea,ENFP
816,james58,43,Female,Peru,ENTJ
817,tamaramalone,28,Female,British Indian Ocean Territory (Chagos Archipelago),ENTJ
818,brandonmartinez,41,Female,Samoa,ENFJ
819,carolinetravis,48,Male,Serbia,ISFJ
820,andersonwilliam,47,Female,Togo,INTP
821,jennifer17,31,Male,Turkmenistan,ISTJ
822,james15,36,Female,Sri Lanka,ISFP
823,spencerpaul,35,Other,Congo,ISTP
824,stephenobrien,36,Other,Romania,ISFJ
825,meganhughes,49,Female,Haiti,ENTJ
826,vcardenas,27,Male,Northern Mariana Islands,ENTJ
827,pagemonica,40,Female,Christmas Island,INFJ
828,josephrose,45,Other,Sudan,ESFP
829,charlesgarcia,17,Female,Saint Helena,ISFP
830,christopher47,14,Female,Italy,ENTJ
831,moorejennifer,27,Female,Belize,INTP
832,woodkristen,20,Male,Swaziland,ENFP
833,paul08,43,Female,Tonga,ENFP
834,thomassean,42,Female,British Virgin Islands,ISFJ
835,nicholas75,31,Male,Aruba,ENFJ
836,morgan99,26,Other,Spain,ENFJ
837,amberyoung,37,Male,Paraguay,ESFJ
838,nmorgan,29,Male,American Samoa,ISFP
839,jeffrey22,47,Male,Ukraine,ENFJ
840,lauramatthews,15,Male,Antigua and Barbuda,ENTP
841,mwu,27,Male,Iran,INTJ
842,finleynicholas,26,Female,Botswana,ESFJ
843,bestwalter,44,Female,Montserrat,ISFP
844,everettoscar,43,Other,Central African Republic,ISTP
845,johnnielsen,33,Male,Northern Mariana Islands,ENTJ
846,lopezstephanie,22,Female,New Caledonia,ESFJ
847,phillip84,44,Male,Norfolk Island,INFJ
848,thompsontabitha,14,Male,Faroe Islands,ISFP
849,brooke11,13,Female,Uzbekistan,ESFJ
850,qdunn,21,Female,Colombia,ISFJ
851,philliprichardson,45,Male,Ethiopia,INFJ
852,paul93,30,Female,Tonga,ENFJ
853,melissa66,44,Male,Fiji,ENFJ
854,jtran,19,Female,Jordan,ENTJ
855,brandon70,49,Male,Macedonia,ESFP
856,williambryant,18,Female,Azerbaijan,ESFP
857,webermark,34,Female,Solomon Islands,INTP
858,wellsstephanie,18,Male,United Arab Emirates,ENTJ
859,eric55,23,Female,Guinea,ESFJ
860,wlynch,30,Female,Kyrgyz Republic,INFJ
861,qcampbell,41,Male,Thailand,ISTJ
862,carlyparks,46,Male,Albania,ENTP
863,murraydiana,30,Male,South Africa,ENTP
864,patricia79,42,Female,Dominica,ESFP
865,mitchell64,41,Female,Faroe Islands,ISTP
866,greenmario,23,Female,Nepal,ISFJ
867,melissa90,38,Male,Northern Mariana Islands,ESFJ
868,sproctor,37,Female,Qatar,INTJ
869,lambwendy,34,Male,Palestinian Territory,ESFP
870,ztaylor,42,Female,Nigeria,ENTP
871,estewart,48,Male,Armenia,ENFP
872,jeffrey94,30,Male,Timor-Leste,ENTJ
873,scott37,27,Female,Burkina Faso,ESTJ
874,fhendrix,15,Female,Austria,ESTP
875,jenniferhunt,24,Female,Niue,ESFJ
876,hermangeorge,22,Female,Andorra,INTJ
877,kennethallen,25,Male,Guam,ENTP
878,michelleclark,38,Female,Libyan Arab Jamahiriya,ESTJ
879,danielwagner,47,Female,Myanmar,ESTP
880,laura59,25,Male,Sri Lanka,ISFJ
881,sarataylor,20,Other,Bulgaria,ENTJ
882,michaelsims,37,Female,Bangladesh,INTP
883,zgreen,35,Male,Algeria,INTP
884,ucombs,44,Male,Palau,INTJ
885,meganmorales,32,Other,Benin,ENFP
886,schroedertammy,37,Male,Jersey,ESFJ
887,snowdavid,39,Female,Ghana,ENFJ
888,longkristy,47,Female,Qatar,ESTJ
889,wrightbonnie,40,Female,Maldives,ENTP
890,smithfred,28,Female,British Virgin Islands,ESTJ
891,ronaldflores,16,Female,Swaziland,INFP
892,ysoto,22,Female,Jordan,ISFP
893,brownkelly,23,Female,Israel,INFJ
894,daniellejohnson,30,Other,Mexico,ESFP
895,alexandrapayne,36,Male,Singapore,ESTP
896,rnguyen,18,Male,Tanzania,INFP
897,cherylbrown,28,Other,Saint Pierre and Miquelon,INTP
898,jessicamiller,15,Male,Netherlands,ISTJ
899,carrie33,28,Male,Singapore,ISTP
900,olopez,20,Other,Germany,ESTP
901,don45,36,Other,Syrian Arab Republic,INFP
902,donald34,33,Female,Thailand,ISTJ
903,uharrington,40,Female,Bouvet Island (Bouvetoya),ISTJ
904,rmann,19,Male,Bhutan,ESFJ
905,tylerbrown,49,Female,Tokelau,ENTP
906,moonryan,37,Female,Maldives,ISFP
907,michaelburton,28,Female,Taiwan,ESFJ
908,thomaskeller,36,Male,Guadeloupe,ESFP
909,nicholas30,37,Male,Netherlands,ENFJ
910,pthomas,24,Female,Monaco,ENTJ
911,thomasspencer,42,Female,Equatorial Guinea,ENFJ
912,patricia47,13,Male,Indonesia,ENTP
913,kathrynsmith,23,Female,Congo,INTP
914,douglas54,48,Female,United Kingdom,ESTJ
915,craig78,27,Female,Brazil,INFP
916,scotteddie,13,Female,Gabon,ISFP
917,dustinmyers,31,Female,South Georgia and the South Sandwich Islands,ISTJ
918,jonathan89,47,Male,Egypt,ENFP
919,patrickjackson,35,Male,Belarus,ESFP
920,kristen62,22,Female,Tanzania,ESTP
921,marywallace,37,Female,Guernsey,INTP
922,ulester,20,Male,Lao People's Democratic Republic,ENFJ
923,gary91,20,Female,Ukraine,INFJ
924,benjamingonzalez,36,Female,Cuba,ESTP
925,jaredmccarthy,42,Female,Bermuda,ESTP
926,wesley52,35,Female,Afghanistan,ESTJ
927,sosaemily,28,Female,United States of America,ISTJ
928,mary64,26,Male,Botswana,ENFJ
929,christopherwhite,40,Male,Malawi,ESFP
930,joseph21,23,Male,Syrian Arab Republic,ESFP
931,jennifermoran,20,Other,Kuwait,ESTJ
932,lorikim,38,Female,Italy,ISTJ
933,rubenroberts,33,Male,Djibouti,INFJ
934,shannonkane,27,Male,Malta,ISTJ
935,bpittman,26,Male,Tuvalu,ESTP
936,lwatson,24,Female,Tunisia,INFJ
937,lydiadavis,22,Female,Pitcairn Islands,ESTJ
938,moralesryan,43,Male,Sao Tome and Principe,ESFP
939,linda06,26,Female,Wallis and Futuna,ESTP
940,muellerjudy,19,Female,Cape Verde,ENFJ
941,chavezcarlos,32,Male,Grenada,ESTP
942,gilesmandy,34,Male,Congo,INTJ
943,ryan37,37,Female,French Southern Territories,ISFJ
944,hilljessica,44,Female,Ecuador,INFP
945,kendrafarmer,29,Male,United Arab Emirates,ISFP
946,xgibson,46,Female,Bouvet Island (Bouvetoya),ENFP
947,jessicagill,33,Female,Suriname,ISTP
948,jeremy49,31,Other,Oman,INTP
949,romanalex,46,Female,Madagascar,INTP
950,elliottbrianna,14,Male,Heard Island and McDonald Islands,ENTP
951,justin75,28,Male,Djibouti,ENFP
952,anthonygonzales,39,Male,Malawi,INFP
953,awebb,14,Male,Wallis and Futuna,ENFJ
954,medwards,17,Other,Equatorial Guinea,ESFJ
955,butlerthomas,29,Male,Isle of Man,ISFP
956,elizabeth80,35,Male,China,INFP
957,richardsmith,34,Male,Turkmenistan,ESFJ
958,aaronsanford,13,Male,Kazakhstan,ISTP
959,robertsmith,42,Male,South Georgia and the South Sandwich Islands,ENFJ
960,xwilcox,28,Female,Romania,ENFJ
961,hamiltonerik,30,Female,French Guiana,ISTP
962,richard58,47,Male,Liechtenstein,INFJ
963,erin52,42,Male,Guinea-Bissau,ISTP
964,jennifer70,22,Female,Cocos (Keeling) Islands,ISTJ
965,urodgers,34,Female,Cuba,ESTP
966,jmorris,34,Male,Czech Republic,ISFP
967,sholt,38,Male,Swaziland,ENTP
968,samantha55,26,Other,Cape Verde,INTJ
969,jesus56,43,Male,French Polynesia,ESTP
970,holly35,17,Male,Lao People's Democratic Republic,ESTJ
971,davidconnie,17,Male,United Kingdom,ESFP
972,glenn29,23,Male,Singapore,ENFP
973,jamesgrant,14,Other,Heard Island and McDonald Islands,ISFJ
974,connie76,15,Male,Dominican Republic,INTJ
975,kaylajones,22,Male,Palestinian Territory,ESTJ
976,hobbssteven,16,Male,Anguilla,ESTP
977,ysavage,33,Male,Montserrat,INFJ
978,sean66,44,Male,Nauru,ESFJ
979,freese,44,Female,Vanuatu,INTP
980,jason91,37,Female,Bosnia and Herzegovina,ESTJ
981,whitecheryl,16,Other,Saudi Arabia,ENTP
982,xmcdonald,24,Other,Jordan,ENTJ
983,friedmanshannon,18,Other,Cocos (Keeling) Islands,ISFJ
984,mollycampbell,38,Female,Saint Pierre and Miquelon,ISTJ
985,kristenhansen,45,Other,Peru,ISFP
986,james11,23,Female,Kazakhstan,ESTP
987,bellthomas,25,Male,Senegal,ISFP
988,qcole,25,Female,Burkina Faso,ESTJ
989,melissa95,31,Male,Congo,INTP
990,donaldmartinez,40,Female,Cayman Islands,INTJ
991,vmccoy,27,Male,Suriname,INFJ
992,waterschristopher,17,Male,Venezuela,INTP
993,njohnson,18,Female,Panama,ISTP
994,theresa89,36,Female,Cuba,ISTJ
995,lbennett,28,Male,Dominican Republic,ISTJ
996,rdavis,35,Other,Faroe Islands,ENFJ
997,williamsalejandro,42,Male,Nepal,INTP
998,robert75,45,Male,Namibia,ISTP
999,ramirezmichael,16,Male,Seychelles,ESFJ
1000,alan51,22,Other,Portugal,ISTP
1001,omunoz,27,Male,Paraguay,ISFJ
1002,woodian,40,Female,Guam,INFP
1003,ashleylambert,14,Male,Cook Islands,ENTP
1004,valenzuelaryan,25,Male,Moldova,ISFJ
1005,jennifer25,38,Male,Greece,ENTP
1006,hunterdean,35,Female,Belarus,INTJ
1007,othompson,15,Male,China,INFP
1008,qmadden,41,Female,Iceland,ESTP
1009,berrynatalie,44,Male,Egypt,ENTJ
1010,charles15,23,Female,Montserrat,ENFJ
1011,jason90,46,Female,Dominica,ISTP
1012,shaneramos,20,Male,Nauru,INFJ
1013,lee27,41,Male,Senegal,ENTJ
1014,john69,22,Male,Uruguay,ESFJ
1015,glennallison,27,Female,Lithuania,ISFJ
1016,lmarks,22,Female,Thailand,INFJ
1017,ndelgado,13,Female,Macedonia,ISFP
1018,cynthia35,45,Other,Turks and Caicos Islands,ISTJ
1019,jameswright,15,Female,Zambia,INFJ
1020,nmcgee,25,Male,Dominica,ISFP
1021,zfrey,27,Male,Bhutan,ENTP
1022,david49,32,Male,Tuvalu,INFP
1023,lauriepollard,28,Other,Zambia,ENTJ
1024,william90,13,Female,Pitcairn Islands,ENTP
1025,icharles,44,Male,Spain,INFJ
1026,davidwilson,49,Other,Netherlands Antilles,INFP
1027,ronaldcoleman,49,Female,Lithuania,ENTJ
1028,karenbrown,41,Female,Kenya,ENTP
1029,fcooper,45,Female,Philippines,ESFJ
1030,davisandrew,16,Male,Tunisia,ISFJ
1031,jamie30,49,Female,Libyan Arab Jamahiriya,ESTP
1032,james58,27,Male,Montserrat,ISFP
1033,zsmith,48,Female,Bosnia and Herzegovina,ESTJ
1034,mmurphy,32,Other,Costa Rica,ISTP
1035,mitchellrachel,41,Female,Egypt,INTP
1036,lauramoreno,29,Female,Comoros,ISTJ
1037,cmoore,26,Other,Cayman Islands,ENFP
1038,paulhampton,42,Male,Philippines,ISFP
1039,sotovictoria,34,Male,Gibraltar,ENTJ
1040,hubbardchristopher,20,Other,Kazakhstan,INFP
1041,angela02,29,Male,San Marino,INTP
1042,theresa66,25,Male,Togo,ESTJ
1043,bnguyen,38,Female,Micronesia,INTP
1044,debbiearias,15,Male,Gabon,ESTJ
1045,tylergreene,25,Male,Niger,ENFJ
1046,christopher31,18,Male,Tunisia,ENFP
1047,dana53,21,Female,Martinique,ENTJ
1048,laura68,36,Female,Mali,ISFJ
1049,shawngonzalez,36,Female,Bermuda,ISFP
1050,gilbertnatasha,43,Male,Taiwan,INTJ
1051,ymoreno,22,Male,Botswana,ESFJ
1052,kperry,15,Male,Gambia,INFJ
1053,hughestina,34,Other,Isle of Man,ENFJ
1054,ogross,37,Male,Faroe Islands,ESTJ
1055,gfleming,27,Male,Colombia,ESFP
1056,hreed,40,Male,Germany,ESTP
1057,ecarr,19,Male,Guernsey,INFP
1058,isabellajohnson,19,Male,Chile,INFP
1059,jenna00,48,Male,Iran,INTP
1060,justincuevas,20,Male,French Polynesia,ISTP
1061,usilva,38,Male,Saint Vincent and the Grenadines,ENFJ
1062,taraparker,40,Male,British Virgin Islands,ENFP
1063,kaylahenry,23,Female,Liechtenstein,ESTJ
1064,hahndaniel,45,Male,Congo,ESTP
1065,davisjennifer,38,Male,Norway,ESTJ
1066,lcarson,42,Other,Cook Islands,ESTJ
1067,margaret99,32,Male,Benin,ESTP
1068,michaelking,41,Female,Georgia,ENTP
1069,lisa01,37,Male,Mali,ISFJ
1070,fthomas,25,Female,Tuvalu,INTP
1071,fsmith,16,Female,Myanmar,INTJ
1072,jamesbrown,19,Other,Anguilla,ESTP
1073,glen91,42,Male,Kyrgyz Republic,ESTP
1074,wbrown,23,Male,Puerto Rico,INTP
1075,abigailjohnson,47,Male,Ireland,INTP
1076,urivera,29,Other,French Southern Territories,ENFJ
1077,romeropeter,33,Female,Argentina,ENTJ
1078,sarahblack,19,Female,Russian Federation,INTJ
1079,josephmayer,27,Female,Palestinian Territory,ISFJ
1080,jonesmelissa,26,Female,Saudi Arabia,INTP
1081,kristopher80,49,Male,Estonia,ENFP
1082,alfred22,40,Male,Netherlands,INFP
1083,lindasmith,35,Female,Mongolia,ENFJ
1084,jwood,41,Other,Cameroon,ISFP
1085,dianewebb,44,Female,Pakistan,ESTJ
1086,donald14,22,Male,Western Sahara,ISTJ
1087,xwilson,49,Female,Indonesia,INFP
1088,alvareztyler,45,Male,Antigua and Barbuda,ISFJ
1089,deborah94,47,Female,Congo,ENTJ
1090,sarah05,37,Female,Saint Barthelemy,ESTP
1091,jeffery73,25,Male,Mauritania,INTJ
1092,sue10,48,Female,French Guiana,ISTP
1093,tammychapman,24,Other,Namibia,ISTP
1094,vgood,37,Female,Romania,ISFJ
1095,avargas,30,Female,Iceland,ISFJ
1096,vdavies,31,Male,Mauritius,INTJ
1097,destinyscott,23,Male,Antarctica (the territory South of 60 deg S),ISFJ
1098,ujohnson,17,Male,Mozambique,ISTP
1099,pfoley,35,Female,Jordan,INTP
1100,charles54,39,Male,Northern Mariana Islands,ISFJ
1101,ashley83,29,Male,Chad,ISFJ
1102,gwashington,25,Male,Saint Vincent and the Grenadines,ESTJ
1103,halldeborah,30,Female,Cambodia,ISFP
1104,perezwhitney,35,Female,Saint Martin,INTJ
1105,james73,45,Male,Montenegro,ESTJ
1106,william06,36,Male,Netherlands Antilles,ISFP
1107,kmyers,21,Female,Spain,ISTP
1108,vwolf,35,Female,Saint Kitts and Nevis,ENTP
1109,william76,13,Female,Suriname,ESFP
1110,lauren70,30,Other,Honduras,ENFJ
1111,breynolds,16,Male,Congo,ENFJ
1112,anthony36,17,Female,Nicaragua,ISTP
1113,rwashington,42,Male,India,ISFP
1114,brendancooley,32,Female,Mongolia,ISTP
1115,dreid,45,Female,Romania,INFP
1116,hickschad,45,Male,Peru,ISFJ
1117,joseph27,25,Female,Vanuatu,INTJ
1118,murphykenneth,47,Female,Libyan Arab Jamahiriya,INFP
1119,benjamin21,28,Male,Kuwait,ISFJ
1120,nicholascameron,23,Female,Bahrain,ISFP
1121,nproctor,41,Male,Wallis and Futuna,ENTJ
1122,laurariley,14,Female,Cambodia,INTJ
1123,reevesjoshua,41,Female,Latvia,INTJ
1124,juliagibson,25,Female,Taiwan,ENFP
1125,jasminedawson,25,Female,Papua New Guinea,ENFP
1126,brian60,44,Male,Aruba,ENFP
1127,gonzalezlisa,41,Female,Maldives,ENTJ
1128,robinsonryan,38,Male,Cambodia,ENFJ
1129,uhickman,23,Male,Oman,ISTJ
1130,yalvarez,23,Male,Haiti,ENFP
1131,rushtyler,41,Female,El Salvador,ISTP
1132,mortonrichard,17,Male,Kazakhstan,ESFJ
1133,mariawright,47,Female,Indonesia,ENTJ
1134,timothy87,20,Other,Croatia,ESTP
1135,nataliewarren,22,Female,Taiwan,INTJ
1136,russelljane,36,Other,Samoa,ESTJ
1137,hoglenda,28,Other,Argentina,ENTJ
1138,matthew38,31,Male,Kazakhstan,ENTP
1139,simmonsgerald,25,Female,Bouvet Island (Bouvetoya),ISTJ
1140,lisa85,36,Female,Austria,ISTP
1141,johnsonjennifer,44,Female,Marshall Islands,ISTP
1142,whoward,19,Male,Lao People's Democratic Republic,ENFJ
1143,courtneywhite,49,Male,Tanzania,ESTJ
1144,williamgreen,43,Female,New Caledonia,ENFJ
1145,hortonjonathan,34,Female,Australia,INTJ
1146,perezjade,37,Other,Dominican Republic,INFP
1147,gloria32,39,Male,Korea,ISTP
1148,ghorne,38,Male,Bangladesh,ESFP
1149,colewilliam,27,Male,Niger,ESFJ
1150,chad50,22,Female,Nicaragua,INTP
1151,fredericklutz,49,Female,Israel,ISFP
1152,icarpenter,15,Male,Nauru,ESFJ
1153,robert94,43,Female,Pitcairn Islands,ENTJ
1154,lopeztracey,26,Female,Saint Barthelemy,ISTJ
1155,brianzimmerman,19,Female,Saint Lucia,INTP
1156,whitney22,36,Other,Bangladesh,ISFP
1157,jmendoza,23,Male,Cape Verde,ISTJ
1158,longsandra,34,Female,Denmark,INTP
1159,gwerner,43,Female,Mozambique,ISFP
1160,heather17,25,Male,Algeria,ESTJ
1161,debra33,31,Male,Guatemala,ENFP
1162,ellislauren,34,Other,Mozambique,ESTP
1163,suzanne82,37,Female,United States Minor Outlying Islands,ESTP
1164,amanda69,43,Female,Ethiopia,ESTP
1165,kathy02,36,Female,Gabon,ESFP
1166,mark60,18,Female,Liechtenstein,ISTJ
1167,housepeter,26,Male,Holy See (Vatican City State),ENTP
1168,raymondtanner,44,Other,Tajikistan,INFP
1169,nelsonjared,31,Female,Maldives,ENTP
1170,justin21,39,Male,Ghana,ENFJ
1171,caitlin79,16,Male,Palau,INTP
1172,jenniferwilson,39,Male,Tonga,ISFJ
1173,oortega,19,Female,Ghana,ESTP
1174,brandonkirk,13,Female,Falkland Islands (Malvinas),ENFP
1175,kmoses,25,Female,Romania,ESFJ
1176,smcknight,21,Other,Iran,ENTP
1177,pereztroy,34,Male,Slovakia (Slovak Republic),INFP
1178,sarahowens,23,Male,Oman,ESTP
1179,yjohnson,48,Male,Suriname,ISTJ
1180,elizabethmitchell,34,Male,Italy,ENFJ
1181,fjohnson,21,Female,French Southern Territories,ESFP
1182,ajohnson,19,Female,Palestinian Territory,ISFP
1183,melinda04,32,Female,Montenegro,ESFP
1184,uvillegas,41,Female,Peru,ESTP
1185,bradley86,32,Female,Bhutan,ENTP
1186,williamselizabeth,44,Other,Turks and Caicos Islands,INFP
1187,denise24,46,Male,Georgia,ENFJ
1188,chambersnathan,37,Male,Anguilla,ESFJ
1189,cbailey,31,Female,Mayotte,ENTP
1190,elee,44,Other,Sao Tome and Principe,ENFP
1191,greenwhitney,40,Other,Ukraine,INTJ
1192,antonio62,41,Male,Myanmar,ENTP
1193,ginahernandez,13,Male,Serbia,ISFJ
1194,hicksaaron,18,Female,France,INTJ
1195,smithtodd,16,Male,British Virgin Islands,ENFJ
1196,kevin16,34,Female,Montserrat,ISTJ
1197,christy08,38,Male,San Marino,INFJ
1198,laura47,46,Female,Saint Lucia,ESTP
1199,nbaker,37,Female,Svalbard & Jan Mayen Islands,ESTJ
1200,christopher82,21,Female,American Samoa,ESTP
1201,moorematthew,22,Male,Tanzania,INTP
1202,richardkramer,28,Male,Nauru,ISTJ
1203,rlang,36,Male,Czech Republic,ESFP
1204,stevenmorris,16,Female,Mauritius,INTP
1205,fadams,21,Female,Tonga,ENTP
1206,rboone,37,Male,Afghanistan,ESFJ
1207,perry18,31,Female,United States Virgin Islands,ISFJ
1208,natalie88,47,Female,Ireland,INFJ
1209,bridgetchandler,31,Female,Saint Martin,ENTJ
1210,haustin,26,Male,Saint Barthelemy,ISFJ
1211,thomasgreen,21,Male,El Salvador,ISFJ
1212,cjackson,23,Male,Monaco,ENFP
1213,calebchase,22,Male,Aruba,INTJ
1214,robertkim,26,Male,New Caledonia,ESFP
1215,vknight,25,Female,Greenland,INFJ
1216,inelson,49,Male,Bhutan,ESFP
1217,jaredfoster,47,Other,Bouvet Island (Bouvetoya),INFP
1218,davidperkins,49,Female,Turkey,ESTJ
1219,wlopez,31,Female,Portugal,ISTP
1220,dross,21,Female,San Marino,ISTP
1221,stewartandrew,44,Female,Northern Mariana Islands,ENFP
1222,angela32,37,Male,Solomon Islands,ESFP
1223,lisaarnold,39,Female,Palau,INFJ
1224,holly59,22,Male,Philippines,ISFP
1225,jeffreypeck,36,Female,British Indian Ocean Territory (Chagos Archipelago),ENTP
1226,nancymartinez,42,Male,Guadeloupe,ESTP
1227,carrienolan,48,Female,Ethiopia,ESFJ
1228,michaelglenn,28,Female,Cote d'Ivoire,ENTJ
1229,frowe,15,Female,Congo,ENFJ
1230,alexa32,48,Male,Timor-Leste,ISTP
1231,kterry,42,Female,United States Virgin Islands,ESFJ
1232,greg98,20,Other,Panama,ESTP
1233,dominguezashlee,29,Other,Costa Rica,INFJ
1234,dayemily,13,Female,Tokelau,INTJ
1235,elizabethfisher,14,Other,Bulgaria,ISTJ
1236,dean94,42,Male,Jordan,ESTP
1237,fhenry,27,Female,Romania,ENFJ
1238,jason86,13,Female,United States Virgin Islands,ESTJ
1239,thomasgerald,16,Female,Lebanon,ESTP
1240,joseph80,28,Male,Georgia,ESFJ
1241,deborah87,13,Female,French Southern Territories,INFJ
1242,yhoward,23,Other,Greenland,ESFP
1243,johnhall,23,Female,New Caledonia,ESTP
1244,laurie94,26,Female,Isle of Man,ENTP
1245,vcastro,33,Male,United Arab Emirates,INTP
1246,atkinsmisty,29,Other,Belgium,INTJ
1247,athomas,29,Female,Bangladesh,ESTJ
1248,lisa45,38,Female,Cook Islands,ISFP
1249,danielleramos,46,Female,Finland,ESFJ
1250,kathleenturner,32,Female,Kenya,INFP
1251,andersonsandra,24,Female,Pitcairn Islands,ISTJ
1252,kenneth52,34,Female,Germany,ENFP
1253,sarah98,27,Female,Seychelles,ISFJ
1254,sherrypeters,24,Female,Zimbabwe,ENTP
1255,jodifrank,26,Female,French Southern Territories,ENTJ
1256,conniewaters,17,Male,Malta,ESFJ
1257,gardnernina,41,Male,Greece,ESFP
1258,wrightmichael,29,Female,Bahrain,INTP
1259,ramirezphilip,31,Male,Gambia,ENTJ
1260,swansonbrian,17,Male,Namibia,ESTJ
1261,jasonfranklin,33,Female,Bhutan,ESFJ
1262,patrick15,19,Male,Niger,INFJ
1263,whitedavid,22,Female,Vietnam,ISFP
1264,dgarcia,48,Other,Vanuatu,ISTJ
1265,howardkelly,22,Male,Oman,ISFP
1266,barrettalyssa,43,Male,Czech Republic,ISFJ
1267,jacqueline92,45,Female,Palestinian Territory,ESFJ
1268,clinemarcus,31,Male,Mozambique,ESTJ
1269,michaelanderson,44,Other,Antigua and Barbuda,ISTP
1270,swhite,40,Male,Tanzania,ENFJ
1271,hamiltonlisa,49,Other,Slovakia (Slovak Republic),ENFP
1272,sward,31,Male,Austria,ENFJ
1273,rachel48,36,Other,Egypt,ISTJ
1274,derekquinn,24,Other,Dominica,ESFJ
1275,melaniewalker,19,Other,Macao,INTP
1276,psingh,15,Female,Lebanon,INFJ
1277,ynelson,24,Female,Honduras,ENTJ
1278,john92,32,Female,Cook Islands,INTP
1279,vzhang,35,Female,Christmas Island,ENFJ
1280,tiffanyspears,46,Female,Nigeria,ESFJ
1281,richashley,21,Female,Micronesia,INTP
1282,tiffany59,14,Male,Algeria,INTP
1283,ycarroll,23,Female,Georgia,ESFJ
1284,rjohnson,38,Female,Botswana,ESFP
1285,wbranch,27,Other,Bahamas,ENTJ
1286,jshelton,28,Male,Heard Island and McDonald Islands,ISTJ
1287,myerschad,18,Male,Turkey,ENTP
1288,plee,17,Male,Venezuela,INFJ
1289,sbutler,25,Female,Nicaragua,ISFJ
1290,fmontes,23,Male,Zambia,ENFP
1291,brandon26,26,Female,Cameroon,INFP
1292,myersnatalie,44,Female,Syrian Arab Republic,INTJ
1293,romanpenny,20,Female,Mauritius,ENFP
1294,jhicks,46,Female,Sudan,ESTJ
1295,maciasjoshua,25,Female,Antarctica (the territory South of 60 deg S),INTP
1296,haneyhector,16,Male,Cuba,INTP
1297,weeksandrew,29,Male,Mauritius,ESTJ
1298,harrischristopher,16,Other,Mauritania,ENTJ
1299,goodmanjohn,48,Male,Vanuatu,INFP
1300,sandra35,40,Male,Kiribati,ENFJ
1301,barnettanthony,34,Female,Rwanda,ESTP
1302,brownandrew,36,Male,Cote d'Ivoire,ENFJ
1303,emma83,16,Other,Togo,ISFP
1304,stephanie27,19,Male,Bahamas,ENTP
1305,georgewallace,45,Male,Papua New Guinea,ESTP
1306,john41,25,Female,French Guiana,ENTJ
1307,aimeereid,39,Female,Marshall Islands,ISTJ
1308,cabrerajustin,39,Female,Jamaica,INTP
1309,phelpskeith,20,Male,Puerto Rico,INFJ
1310,shawsara,45,Other,Nepal,INTJ
1311,lindsaycarpenter,47,Male,Cape Verde,ENFJ
1312,todd39,40,Male,Central African Republic,ISTP
1313,jordan74,47,Male,Nicaragua,ESFJ
1314,mccarthyanthony,44,Male,New Zealand,ESFJ
1315,brenda37,30,Male,Trinidad and Tobago,INTJ
1316,csalas,48,Female,Monaco,ESTJ
1317,smithandrew,14,Female,Bangladesh,ISTJ
1318,mary36,22,Female,Georgia,ISTJ
1319,matthew02,15,Male,Greece,ENFP
1320,amyjohnson,13,Female,El Salvador,ENTJ
1321,nicole91,22,Male,Saudi Arabia,INTP
1322,butlerchristine,29,Male,Bulgaria,INTP
1323,christopherking,26,Other,Sweden,ISTP
1324,ischneider,23,Other,Lesotho,ESFP
1325,lorrainepeterson,22,Female,Spain,ISTJ
1326,pittmanjohn,46,Female,Namibia,ISTJ
1327,smithapril,40,Other,Svalbard & Jan Mayen Islands,ENTJ
1328,samanthavillarreal,18,Male,Bahamas,INTP
1329,anthony33,21,Male,Uzbekistan,INTJ
1330,danielfuller,24,Other,Greece,ENTJ
1331,shauncarlson,31,Female,Maldives,ESTJ
1332,pwilliams,40,Other,Netherlands Antilles,ESTJ
1333,robinmorris,35,Male,New Zealand,ENTJ
1334,ojames,27,Male,Saint Kitts and Nevis,ENTP
1335,uconrad,33,Male,Saint Lucia,ESTJ
1336,kowen,26,Other,Brunei Darussalam,ENTP
1337,tbryant,19,Female,Israel,INFP
1338,simpsondonald,47,Male,Mozambique,ESFP
1339,butlerteresa,39,Male,Cyprus,ENFP
1340,udoyle,27,Male,Falkland Islands (Malvinas),ISFP
1341,reynoldstiffany,13,Female,Maldives,ISTJ
1342,rwilliams,13,Male,Belize,ENTJ
1343,charles94,24,Male,Saint Vincent and the Grenadines,ENFJ
1344,fowlermatthew,24,Female,Lithuania,ISTP
1345,angelaburgess,47,Other,Anguilla,ISFJ
1346,ronald04,30,Female,Malaysia,ISTP
1347,vsmith,20,Female,Austria,INFP
1348,nicholeburgess,47,Male,Nicaragua,ENTP
1349,jenna94,45,Other,Haiti,ISFJ
1350,bryan42,29,Other,Sweden,ISFJ
1351,nicole21,35,Male,Ecuador,INFP
1352,natalieford,14,Female,Guadeloupe,INFP
1353,alan48,37,Female,Saint Lucia,ESTJ
1354,brandibranch,40,Female,Portugal,ESTP
1355,troywright,20,Male,Guadeloupe,ESTP
1356,melanie52,48,Other,Gambia,ESTP
1357,ojackson,37,Male,Barbados,INTJ
1358,omoore,33,Male,Costa Rica,ENFJ
1359,caseedwin,38,Female,Jersey,INTJ
1360,ijones,34,Female,Croatia,ISFP
1361,donald06,32,Female,Solomon Islands,INTP
1362,lisa83,26,Male,Saint Barthelemy,ISTJ
1363,laurajohnson,15,Male,Panama,INFJ
1364,wrightwhitney,25,Female,Panama,ENFJ
1365,hbrady,31,Male,Hungary,ISFP
1366,amandafuller,48,Male,Antarctica (the territory South of 60 deg S),INTJ
1367,melaniejones,15,Male,Seychelles,ISFP
1368,dawsonstacy,45,Male,Monaco,INTP
1369,parsonscameron,27,Female,Taiwan,ENFJ
1370,eric67,39,Male,Macao,ENFJ
1371,lisajimenez,43,Male,Cook Islands,ESTJ
1372,frankjenny,46,Other,Angola,ENFJ
1373,jordanmccarthy,31,Female,Solomon Islands,ISFP
1374,kimberlyeaton,28,Female,Peru,ESTP
1375,powens,44,Female,Djibouti,ISTP
1376,thomaspierce,30,Female,Moldova,INFP
1377,jeffreynichols,14,Female,Christmas Island,INTJ
1378,jamiecox,28,Other,Tajikistan,ENFP
1379,aaron58,14,Male,Saint Kitts and Nevis,ENTP
1380,markandrade,41,Female,Syrian Arab Republic,ISTP
1381,jkirk,41,Other,Australia,ISTJ
1382,michael14,41,Male,Saint Vincent and the Grenadines,ESFJ
1383,patricia95,47,Female,Angola,ENFP
1384,thomasgarcia,30,Other,Korea,INTP
1385,allison79,19,Male,Cook Islands,ISTJ
1386,tcastillo,43,Male,Brazil,ISFJ
1387,jesusberry,22,Male,Greenland,ESFJ
1388,ramoslucas,38,Other,Yemen,ISFJ
1389,jimmy77,37,Female,Pitcairn Islands,ESFP
1390,cervantescynthia,30,Male,Cayman Islands,ESTP
1391,robinsonbeverly,32,Male,Burkina Faso,INFJ
1392,andrew73,26,Female,Papua New Guinea,ISFP
1393,sflores,41,Female,Georgia,ENTJ
1394,ronaldnavarro,44,Male,Panama,ESFJ
1395,lwatson,25,Male,Portugal,INFJ
1396,zmolina,37,Male,Gabon,ENFP
1397,whitechristopher,43,Male,Svalbard & Jan Mayen Islands,ENTJ
1398,bakernicholas,49,Male,Ethiopia,ISTP
1399,williemiller,19,Male,Turkmenistan,INTP
1400,lynn52,34,Male,British Indian Ocean Territory (Chagos Archipelago),INTJ
1401,sarah49,14,Male,Niger,ENTP
1402,pgonzalez,28,Female,Bouvet Island (Bouvetoya),ESTP
1403,dylancampbell,40,Female,Algeria,ISTJ
1404,kimberlysmith,15,Male,Niue,ENFP
1405,francisseth,13,Male,Yemen,ENTP
1406,jacob23,38,Female,Uzbekistan,ESTJ
1407,trujilloryan,41,Male,Holy See (Vatican City State),ISTP
1408,moorejessica,36,Female,Vanuatu,ENTJ
1409,scottcooper,33,Female,Romania,ISFJ
1410,gloria50,27,Male,Faroe Islands,INFP
1411,jamesdelgado,22,Male,United Kingdom,ENTP
1412,kimberlysolis,37,Female,Switzerland,ESFP
1413,stonerandy,26,Male,Antarctica (the territory South of 60 deg S),ISFP
1414,webbmark,43,Male,Luxembourg,INFP
1415,mharris,13,Male,Yemen,ENTJ
1416,stephen83,49,Female,Lebanon,ESTJ
1417,alexandergrant,17,Other,Russian Federation,ESFP
1418,juliedavis,20,Male,Angola,INFP
1419,wardrachel,42,Male,Macedonia,ENTJ
1420,patriciaevans,46,Male,Saudi Arabia,ENFP
1421,victortodd,15,Male,Afghanistan,INFP
1422,cwoodard,33,Male,Comoros,ENFJ
1423,qhicks,24,Male,Guam,INFP
1424,smithmichael,29,Male,Andorra,ENFP
1425,jeffery54,35,Female,Guadeloupe,ESFJ
1426,cynthia93,24,Male,Costa Rica,ENFJ
1427,ashleyhampton,22,Female,Ghana,INFJ
1428,oayala,41,Female,Norway,ESFP
1429,rlewis,43,Female,American Samoa,INFJ
1430,kylejones,32,Male,Mali,INFP
1431,feliciahill,20,Female,South Africa,ESFP
1432,taylor12,17,Male,Kuwait,ESTJ
1433,lopezchristopher,18,Male,Bolivia,INFJ
1434,wilkinsdavid,28,Female,Uzbekistan,ISTJ
1435,higginskenneth,20,Male,Georgia,ESFJ
1436,hortonshane,17,Female,Mali,ISFP
1437,william02,36,Male,Denmark,ENFP
1438,jmartin,38,Female,Greenland,ISFP
1439,phillipsrobert,32,Female,Denmark,ENTJ
1440,jamesdavis,28,Male,Swaziland,ESTP
1441,bestkatelyn,15,Male,Zambia,ENFP
1442,williamselizabeth,16,Male,France,ENFJ
1443,tiffany81,44,Female,American Samoa,INFP
1444,johnmiller,21,Male,Isle of Man,ENFP
1445,dbaxter,45,Male,Vanuatu,INTP
1446,peter25,49,Female,Macao,ISTP
1447,matthewscott,31,Male,Martinique,ESTJ
1448,smithdalton,34,Male,Spain,ISTP
1449,mwashington,43,Other,Aruba,ESFP
1450,xhobbs,35,Female,Cyprus,ISTP
1451,emmakeller,15,Female,Mexico,ISFP
1452,leejames,36,Other,Antigua and Barbuda,ENFP
1453,ricardosmith,33,Male,Zambia,ESTP
1454,laurenjackson,24,Female,Lesotho,ISFJ
1455,sean14,30,Male,Argentina,ISFJ
1456,bautistabenjamin,22,Male,Germany,INTP
1457,davidfranklin,15,Male,Equatorial Guinea,ENFJ
1458,kristin16,39,Male,Syrian Arab Republic,ENTJ
1459,larrysimpson,35,Male,El Salvador,ENTJ
1460,izhang,20,Male,Falkland Islands (Malvinas),INFP
1461,jon56,27,Male,Sierra Leone,ISTP
1462,trasmussen,43,Male,Cambodia,ESTP
1463,davidsonkatrina,35,Other,Zimbabwe,INTP
1464,courtney02,39,Female,Anguilla,INTJ
1465,ryanabbott,31,Male,Azerbaijan,ENFJ
1466,danielbrock,35,Female,Oman,ESFJ
1467,kruegerdawn,36,Female,Vanuatu,ISFJ
1468,xjohnston,41,Male,French Southern Territories,ENFP
1469,tonymason,26,Male,United Kingdom,ESFP
1470,jessicawilson,37,Other,United Arab Emirates,ENTP
1471,kholmes,19,Female,Puerto Rico,INTJ
1472,burgesswilliam,25,Male,Georgia,ESFP
1473,jessica35,36,Male,Luxembourg,INFP
1474,herringpatricia,20,Female,Slovenia,ENTJ
1475,ewingchristopher,38,Male,Zimbabwe,ISFJ
1476,millerstephanie,46,Female,Christmas Island,ISFP
1477,alvarezjessica,27,Female,Mauritius,ESTP
1478,xgill,14,Other,Kyrgyz Republic,ISFP
1479,kathryn62,48,Female,Guernsey,ESTP
1480,urussell,42,Other,Fiji,ISTP
1481,brownrose,38,Female,Singapore,INTP
1482,sandra75,34,Male,Brazil,ENFP
1483,cervantesgrant,44,Female,Liberia,ENFJ
1484,mwilson,43,Female,Libyan Arab Jamahiriya,INTJ
1485,aburgess,16,Female,Lithuania,ISFJ
1486,ukim,39,Male,Aruba,ESFJ
1487,jonathandennis,31,Male,Korea,INFP
1488,lindsey13,20,Female,Niger,ENFJ
1489,qhughes,42,Male,Mauritania,ESFJ
1490,sherry74,48,Male,Trinidad and Tobago,ISTJ
1491,hhodges,24,Male,Thailand,INFJ
1492,henrycook,15,Female,Tajikistan,ESTP
1493,copelandamber,42,Other,Palau,ESTJ
1494,jcochran,34,Female,Saint Helena,ESTJ
1495,hamptonsusan,44,Female,Belgium,INFP
1496,cameronanderson,47,Male,Switzerland,ESTJ
1497,andrea59,24,Male,Cambodia,ISTJ
1498,zdelgado,17,Male,Haiti,ISTJ
1499,robinsonclarence,42,Female,Brazil,INTP
1500,mcdowellwhitney,25,Female,American Samoa,ESTP
1501,katherine54,42,Male,Sweden,ISTJ
1502,benjamin60,14,Male,Costa Rica,ISTP
1503,marywoods,30,Male,Netherlands,ISFP
1504,aho,40,Male,Somalia,INFP
1505,robinsonjeremy,27,Male,Ghana,ISFP
1506,rodriguezscott,32,Male,Algeria,ESTP
1507,abigail40,28,Female,Yemen,ISFJ
1508,hmendez,36,Male,Norway,ESFJ
1509,richard31,34,Female,Wallis and Futuna,INTJ
1510,smithpamela,33,Male,Macao,ISTP
1511,janice93,28,Male,Congo,ISFJ
1512,johnowens,22,Other,United Arab Emirates,ESFP
1513,vmaldonado,23,Male,Jamaica,ENTJ
1514,vcollins,41,Male,Cuba,INTP
1515,lcox,28,Female,Uruguay,ISFP
1516,sherry34,23,Female,Oman,ISTP
1517,samanthaandrews,21,Female,Tonga,ISTP
1518,paulroberts,30,Female,Panama,ENFJ
1519,jessicakramer,42,Female,Lebanon,ISTJ
1520,anthony32,29,Male,Rwanda,ESFJ
1521,lbishop,33,Male,Saint Barthelemy,ISFP
1522,whitneyreed,26,Male,Falkland Islands (Malvinas),ISTJ
1523,cynthia89,32,Other,Austria,ISTP
1524,robinreynolds,48,Female,Western Sahara,INTJ
1525,daviddoyle,24,Male,British Indian Ocean Territory (Chagos Archipelago),ENTP
1526,williamsallen,33,Female,Peru,INTP
1527,campbellzachary,38,Male,Croatia,INFP
1528,nicole99,39,Male,Belgium,INFJ
1529,ashlee38,16,Female,New Zealand,ESFJ
1530,martinbutler,20,Female,Equatorial Guinea,ENTJ
1531,longpatrick,19,Male,Guyana,ENFP
1532,pjohnson,42,Female,Tunisia,ENTP
1533,tross,33,Male,Montserrat,ESFJ
1534,christiankennedy,19,Male,Jordan,INTJ
1535,ghawkins,16,Female,Thailand,ESFJ
1536,emily37,44,Male,Macedonia,ESTP
1537,daltonmichael,49,Male,Tokelau,ESFJ
1538,francisbrad,13,Male,Vietnam,ISTP
1539,petersonlisa,33,Male,Cape Verde,ENFP
1540,jennifer26,41,Male,Cameroon,INTP
1541,fisherscott,27,Female,Tokelau,ESTP
1542,harrisonkelly,49,Female,Cape Verde,ISFJ
1543,lindsey10,16,Other,Isle of Man,ENTP
1544,ana70,35,Male,Saint Barthelemy,ESTP
1545,ramoskayla,33,Male,Belgium,ENTJ
1546,ntucker,13,Other,Cayman Islands,ISFP
1547,gatkinson,38,Female,United States Virgin Islands,INFJ
1548,tara36,42,Male,Paraguay,ISFP
1549,patricia75,19,Male,Azerbaijan,ENFJ
1550,david47,13,Male,Syrian Arab Republic,ENFP
1551,martin17,49,Female,Sierra Leone,INTP
1552,alexandriamay,21,Male,Monaco,INFJ
1553,janicejones,29,Female,Iran,ISFJ
1554,garciaeddie,29,Male,Senegal,ESFP
1555,hannah37,39,Male,Papua New Guinea,INTJ
1556,anna16,19,Female,Comoros,ISTJ
1557,williamssusan,13,Female,Congo,INFJ
1558,christine77,15,Female,Chad,INTP
1559,jon90,46,Female,Chile,ESTJ
1560,klynch,32,Male,Marshall Islands,ESFP
1561,jeremy83,41,Female,Colombia,ISFP
1562,drowe,34,Male,Bhutan,ISTJ
1563,diane93,33,Female,Thailand,ESFJ
1564,deborah97,13,Female,Northern Mariana Islands,ISFJ
1565,robertsanchez,34,Male,American Samoa,ISTP
1566,richard55,30,Female,New Caledonia,ENTJ
1567,rprice,44,Female,Puerto Rico,ENFP
1568,davissonya,35,Male,Malta,ENFP
1569,antonio20,49,Female,Micronesia,ESFJ
1570,abruce,34,Female,French Southern Territories,ISFP
1571,shelly49,27,Male,Montserrat,ISTJ
1572,alexawilson,42,Male,Anguilla,ENFJ
1573,patrick56,43,Female,Bolivia,ESTP
1574,colleen20,33,Male,Panama,ESFP
1575,garrisoneric,19,Male,Norfolk Island,ISFJ
1576,lawrencerodriguez,29,Female,Honduras,ISFP
1577,steven46,28,Female,Somalia,ENFP
1578,crystalboyle,37,Female,Sudan,ISFJ
1579,edwardmcdonald,17,Female,Guadeloupe,INFP
1580,jwoodward,37,Female,Mauritius,ISTJ
1581,krista27,43,Female,Pitcairn Islands,ESFP
1582,daniel39,18,Male,Botswana,ESTP
1583,emily97,41,Female,Micronesia,ESFJ
1584,mendozamatthew,31,Female,Palau,ENFP
1585,colinolsen,44,Male,Netherlands Antilles,ENFP
1586,ssmith,35,Female,Bolivia,INTP
1587,michael74,14,Other,Hong Kong,ISFJ
1588,richard58,49,Female,Ukraine,ENFJ
1589,valerie24,15,Male,French Southern Territories,ENFP
1590,deborahjohnson,25,Female,United Kingdom,ESFJ
1591,xgarcia,36,Female,Solomon Islands,ESTP
1592,hilljoseph,19,Male,Congo,INFJ
1593,caitlinsimmons,43,Female,Syrian Arab Republic,ENTP
1594,cromero,23,Male,Guernsey,ISFJ
1595,jamesharris,45,Female,Sweden,ENFJ
1596,brownbrian,40,Female,Chad,ESTJ
1597,paul95,49,Female,Libyan Arab Jamahiriya,ESTP
1598,jamie89,42,Female,Guadeloupe,ISFJ
1599,kweber,48,Female,Dominican Republic,ENFJ
1600,sheath,33,Female,British Virgin Islands,ESFP
1601,jacksonkelly,19,Other,Rwanda,ISTJ
1602,michaelvillarreal,28,Female,Canada,ESTJ
1603,llong,38,Male,Norfolk Island,ISTP
1604,luis94,44,Male,Kenya,ESFP
1605,tiffanyjennings,22,Female,Brazil,ESTJ
1606,amycook,14,Female,Algeria,ESTP
1607,christopher60,34,Male,Saint Martin,ESFP
1608,smithsarah,24,Male,Wallis and Futuna,INFP
1609,yangmegan,44,Female,Ecuador,INFP
1610,jhinton,48,Male,Uganda,ISTP
1611,john39,20,Female,Finland,ISFP
1612,markhuang,25,Female,Pitcairn Islands,ENTP
1613,ryan33,22,Female,Zambia,ISTJ
1614,kelly69,36,Female,Greece,ISFJ
1615,sheri67,36,Male,Taiwan,ENFP
1616,lsolomon,42,Male,Niue,INTP
1617,whitejanet,34,Male,Oman,INFJ
1618,robinsonshawn,41,Female,Bahamas,ESFP
1619,alexandriamills,33,Male,Senegal,ENFP
1620,catherine93,30,Female,Turks and Caicos Islands,INFP
1621,kathleenwise,28,Female,Ireland,INTJ
1622,ggomez,18,Female,Cayman Islands,ENFJ
1623,dmoreno,36,Male,Antarctica (the territory South of 60 deg S),ESFP
1624,vincent76,25,Male,Antarctica (the territory South of 60 deg S),ESFP
1625,robertponce,27,Male,Korea,ISTP
1626,dturner,39,Female,Turkmenistan,ESFJ
1627,larryrice,43,Female,Comoros,ISTP
1628,brenda86,46,Male,Isle of Man,ISTJ
1629,millerbradley,33,Female,Guernsey,INTP
1630,jamesweiss,44,Female,Nicaragua,ESTP
1631,emassey,15,Male,Uruguay,ESTP
1632,whitebradley,26,Male,Falkland Islands (Malvinas),ENFP
1633,hernandezjonathan,22,Male,Bosnia and Herzegovina,ESFJ
1634,derrick34,49,Female,Sweden,ESFJ
1635,jeffrey16,27,Male,New Caledonia,ESTJ
1636,davidmerritt,40,Male,Albania,ESFJ
1637,jackfitzgerald,41,Male,Saudi Arabia,INTP
1638,shelleyvaldez,28,Male,Turks and Caicos Islands,ESFJ
1639,millermichele,26,Male,Saint Kitts and Nevis,ISFP
1640,vasquezrobin,31,Female,Samoa,ENFP
1641,ewalter,36,Male,Nigeria,ESTJ
1642,barrerachelsea,14,Female,Gibraltar,ISTP
1643,thurley,20,Male,Romania,ENTJ
1644,scotttracy,35,Male,Holy See (Vatican City State),ESTP
1645,monroebradley,29,Male,Belarus,ENFP
1646,lisa65,22,Other,Jamaica,ESFJ
1647,crystaljames,13,Female,Pitcairn Islands,ISTJ
1648,russellgarcia,44,Male,Spain,INTP
1649,robert80,21,Male,Belgium,INTP
1650,urogers,46,Female,Bhutan,INTJ
1651,wandahartman,27,Male,Nigeria,ENTJ
1652,joshuawalker,35,Male,Saint Helena,INTP
1653,saracoleman,29,Female,Myanmar,ESFP
1654,nbailey,14,Male,Thailand,INTP
1655,fprice,17,Male,India,ESTP
1656,dennisjohnson,39,Male,Belize,INFJ
1657,grantjoel,30,Male,Cambodia,INTP
1658,matthewcaldwell,37,Male,Gibraltar,ISTJ
1659,npacheco,15,Male,Malaysia,INTJ
1660,kingjonathan,30,Male,Antigua and Barbuda,ESFJ
1661,denise79,40,Male,Palestinian Territory,ESTJ
1662,rosalesnicole,17,Female,Bahrain,ISTJ
1663,millermarcia,34,Male,Swaziland,ISTJ
1664,hwilliams,45,Female,Dominican Republic,ENTJ
1665,johnsontravis,15,Male,Congo,ESFP
1666,pkrause,49,Male,Montenegro,INFP
1667,christopherbarker,20,Male,Sudan,ISTJ
1668,timothy16,39,Female,Tajikistan,ENFP
1669,cdavis,37,Male,Mali,ISFJ
1670,ztorres,45,Male,Turks and Caicos Islands,ESFJ
1671,tfoster,38,Female,Luxembourg,INFP
1672,zcunningham,41,Female,El Salvador,ENTJ
1673,nkrause,16,Male,Grenada,ISTP
1674,bethpaul,19,Male,Sierra Leone,INTP
1675,dariuslopez,19,Male,Myanmar,ESFJ
1676,dbarnes,28,Female,Christmas Island,ISTP
1677,emendoza,35,Female,Latvia,INFP
1678,davieschristina,39,Male,Estonia,INFP
1679,charlesdavid,42,Male,Luxembourg,ESTP
1680,staffordjennifer,32,Male,Isle of Man,INFP
1681,joshuarogers,34,Male,Mexico,INFP
1682,cspence,17,Female,Paraguay,ESFP
1683,leblancrhonda,30,Male,Sao Tome and Principe,ENTP
1684,hillbarbara,19,Female,Japan,ESFP
1685,dodsoncourtney,42,Male,Trinidad and Tobago,ISTP
1686,victoriasummers,27,Male,Central African Republic,ESTP
1687,dpatterson,46,Male,Gambia,INFP
1688,erinlamb,49,Female,Saint Helena,ISTP
1689,qwhite,24,Female,Mozambique,ESFP
1690,lowejanice,43,Female,Guyana,ESFP
1691,hughesjames,18,Female,United Arab Emirates,INFP
1692,nicolefisher,32,Female,Turks and Caicos Islands,ENFP
1693,christopher29,24,Female,Canada,ENTJ
1694,ewingmelissa,44,Male,Tuvalu,ENFJ
1695,annasoto,48,Male,Philippines,ESTJ
1696,nguyenthomas,40,Male,Swaziland,ISFP
1697,walter55,13,Male,Angola,ENTJ
1698,perrystephanie,31,Other,Albania,INTP
1699,wardjuan,30,Male,Faroe Islands,ESTP
1700,dana22,48,Female,Kazakhstan,ESFP
1701,pam11,25,Female,Kazakhstan,INFP
1702,nicolas46,13,Male,Yemen,ESTP
1703,charlesmoore,47,Male,Israel,INTJ
1704,autumnkelly,17,Male,Eritrea,ISFJ
1705,wagnernathan,40,Female,Macedonia,INFJ
1706,cdavis,35,Male,Korea,ISFJ
1707,rodneylam,23,Female,Cape Verde,ENFJ
1708,williamrivera,42,Female,Vanuatu,INTJ
1709,virginia10,26,Female,France,ESFP
1710,johnsonmatthew,31,Male,Palau,ESFJ
1711,megan01,38,Female,Brazil,ENTJ
1712,jeanettegomez,44,Female,Lao People's Democratic Republic,ENTJ
1713,steven33,38,Female,Macao,ISTP
1714,norrissarah,24,Female,Gabon,ENTJ
1715,mmcguire,43,Male,French Polynesia,ISTJ
1716,hancockleah,26,Male,Chad,INTJ
1717,jodysteele,18,Male,Hungary,ISFP
1718,nsanchez,22,Male,Portugal,ESFP
1719,shanejohnson,46,Female,Kazakhstan,ESTJ
1720,ncampbell,43,Female,Malaysia,ESTJ
1721,david37,39,Female,Dominican Republic,ISFJ
1722,michael51,38,Male,Croatia,ESTJ
1723,jermaineperez,35,Male,Bulgaria,ISTJ
1724,yandrade,15,Male,New Zealand,ISTJ
1725,smithjames,23,Other,Bahrain,ISFP
1726,jordan06,41,Female,New Zealand,INTP
1727,wlong,39,Female,Liechtenstein,INTJ
1728,evanglass,48,Female,Saudi Arabia,ISTJ
1729,elizabethclark,36,Male,Congo,ISTJ
1730,ndavis,32,Male,Turkmenistan,ENFP
1731,ramoskatie,40,Female,Mayotte,INFJ
1732,joseph55,18,Male,Gabon,INFP
1733,johnsonpamela,31,Other,Isle of Man,INFJ
1734,iporter,13,Male,Swaziland,ISFP
1735,bakernicholas,20,Female,Croatia,ISTP
1736,victoriahughes,21,Male,Austria,ENFP
1737,nicholas36,26,Male,Jordan,ISTJ
1738,wongkelsey,32,Male,Bolivia,ENTJ
1739,wagnervictoria,35,Male,Mexico,ISTP
1740,vstone,15,Male,Vanuatu,INTP
1741,dillonsmith,35,Male,Senegal,ENFJ
1742,henry40,39,Female,Dominica,ENFJ
1743,bakerpaul,31,Female,Kenya,INTJ
1744,erika84,36,Female,Lao People's Democratic Republic,ESTJ
1745,kenneth52,17,Male,Slovenia,INFP
1746,zimmermanvalerie,25,Male,Bhutan,INFP
1747,davidreilly,41,Female,Saint Martin,INTP
1748,lauracooper,25,Male,Tanzania,ENFJ
1749,jeffreypeters,24,Female,American Samoa,ENTJ
1750,floreskelly,13,Female,Vanuatu,ESFJ
1751,derekwhitaker,28,Other,United States Virgin Islands,ENFP
1752,david36,39,Female,Bosnia and Herzegovina,ESTJ
1753,sullivanstanley,16,Male,Romania,INFP
1754,wphillips,35,Male,Thailand,ESFJ
1755,talvarez,21,Female,Kenya,ESTJ
1756,bakerphillip,18,Female,French Southern Territories,ENTJ
1757,josephrobertson,41,Female,Egypt,ISTJ
1758,eric99,20,Female,Wallis and Futuna,INTJ
1759,conleydominic,19,Male,Turkmenistan,ISTP
1760,denisemcbride,17,Female,Guam,ESTP
1761,sclark,46,Male,Nigeria,ISTP
1762,gthomas,14,Female,South Georgia and the South Sandwich Islands,ENTJ
1763,oliviarhodes,26,Male,Antarctica (the territory South of 60 deg S),INTJ
1764,athomas,41,Female,Senegal,ENTP
1765,diane10,17,Male,Bermuda,ESTJ
1766,denise41,26,Male,Congo,INTP
1767,samanthafranklin,29,Male,Maldives,ENFJ
1768,fjones,47,Male,Jersey,ENFJ
1769,palmerlindsey,30,Female,Uruguay,ISTP
1770,petersbryan,36,Female,Malaysia,ESTP
1771,cowananna,26,Male,Haiti,ESTJ
1772,justin35,21,Male,Philippines,ESTJ
1773,gerald41,39,Male,Northern Mariana Islands,INFP
1774,alyssa97,17,Female,Iraq,INTP
1775,kimberly07,22,Female,Burkina Faso,ESTP
1776,isaiahpeters,30,Female,Dominican Republic,ESFJ
1777,christopher50,27,Female,Slovakia (Slovak Republic),ISTP
1778,jenniferholder,25,Male,New Caledonia,ISTP
1779,callahanrobert,26,Male,Singapore,ISTP
1780,opope,17,Male,Guinea,ENFP
1781,priscilla51,42,Male,Guinea,ESFP
1782,waynereynolds,27,Other,Bermuda,ENFP
1783,opowell,46,Male,Taiwan,ISFJ
1784,heather01,21,Female,Antigua and Barbuda,ISTJ
1785,vcarter,18,Male,Japan,ISTP
1786,abbottjonathon,24,Male,Vanuatu,ESTP
1787,matthew12,43,Male,Chile,ISFJ
1788,collinsmichael,18,Female,Bermuda,ESFJ
1789,joseph43,41,Male,Malta,ESTP
1790,philip46,28,Female,Saint Vincent and the Grenadines,ENFJ
1791,cookrobin,13,Male,Burkina Faso,ISTJ
1792,maria74,31,Female,Christmas Island,INFP
1793,smitchell,39,Other,Tonga,ESTJ
1794,dianamanning,34,Female,Saint Barthelemy,INTJ
1795,patriciaavila,49,Female,Ireland,ENTJ
1796,thomas63,40,Male,Spain,ENFJ
1797,anitaanderson,27,Male,Tajikistan,ENTP
1798,dbrown,17,Female,Gibraltar,ENTP
1799,mitchellnielsen,14,Male,Cyprus,INFP
1800,cassandra36,48,Male,Malaysia,ESTP
1801,davidsonrandy,27,Male,France,ENFJ
1802,chadwilliams,24,Other,Timor-Leste,ENTJ
1803,ulee,34,Female,Andorra,ESFJ
1804,rnguyen,45,Male,Togo,ISFP
1805,michaelmiller,46,Female,Northern Mariana Islands,ENFP
1806,shannon23,23,Other,Argentina,INFJ
1807,johnalvarado,27,Other,Grenada,ESFP
1808,mmccoy,47,Male,American Samoa,INFP
1809,elizabethmclaughlin,25,Female,Nigeria,ISTP
1810,gmoore,27,Female,Peru,INFJ
1811,samantha50,36,Female,Macao,INFJ
1812,ecoleman,40,Female,Bahamas,ISFJ
1813,carolyn40,27,Female,Guinea-Bissau,ENFJ
1814,wongkathy,34,Male,Cameroon,INTJ
1815,dkirby,36,Other,Norway,ESTP
1816,darius23,21,Female,Denmark,ENTJ
1817,ncollins,27,Other,New Caledonia,ENTP
1818,matthewvargas,49,Female,France,ISTP
1819,christy33,30,Other,Palestinian Territory,ENTJ
1820,aaron77,36,Female,Iraq,ESTJ
1821,josephmichael,30,Male,Ethiopia,ESTP
1822,olivia11,40,Male,Nepal,ISTJ
1823,lucasamanda,46,Male,Bolivia,ESTP
1824,owensdoris,33,Female,Germany,ENFP
1825,bnguyen,32,Female,Equatorial Guinea,ENFP
1826,sharon75,31,Other,Grenada,ENTP
1827,cervantesthomas,16,Male,Guam,ESFP
1828,lhunt,37,Other,United Arab Emirates,ISTP
1829,tracytapia,26,Female,American Samoa,ENFP
1830,gjordan,48,Female,Holy See (Vatican City State),ENFJ
1831,tonya02,43,Female,Belarus,ENFJ
1832,williamhensley,37,Male,Sao Tome and Principe,ISTJ
1833,troyparker,15,Other,Svalbard & Jan Mayen Islands,ENTP
1834,imyers,46,Other,Mauritania,ESFJ
1835,smills,21,Male,Western Sahara,ENTJ
1836,martinezmegan,19,Female,Jordan,INFP
1837,ashley59,18,Male,Kyrgyz Republic,ISFJ
1838,wernernicholas,42,Female,Palau,INFP
1839,stephaniebarron,26,Male,Niue,ESFJ
1840,martinana,24,Female,Mayotte,ISTJ
1841,scottbradley,25,Male,Iraq,ISTP
1842,pmalone,26,Female,Pakistan,ESFJ
1843,claudia25,39,Female,Uganda,ISFP
1844,singletonkaren,38,Female,Tunisia,ISTP
1845,susanolson,49,Male,Congo,ENFJ
1846,amanda43,32,Male,Fiji,INTJ
1847,nancythompson,20,Male,Uganda,ESTP
1848,fjones,32,Male,Djibouti,ISTJ
1849,rmcgee,35,Female,Timor-Leste,ISTP
1850,andrewsrichard,26,Female,Switzerland,INTJ
1851,rhondaolsen,34,Male,Solomon Islands,ISTJ
1852,caroline05,32,Male,Djibouti,ISTJ
1853,larsonmaria,14,Male,Israel,ENTJ
1854,mullinskathryn,42,Male,Cyprus,ENFP
1855,ian77,41,Female,Liechtenstein,ENTP
1856,jamesferguson,19,Female,Iceland,ISTP
1857,christopher55,31,Other,Vanuatu,ISFP
1858,dustinstevens,38,Male,Senegal,INTP
1859,fmueller,44,Male,Russian Federation,ISTP
1860,kristina46,17,Female,Ireland,INTJ
1861,adamskyle,47,Female,Syrian Arab Republic,ESFJ
1862,thomasfisher,24,Male,Vietnam,ENTJ
1863,christopher18,47,Other,British Virgin Islands,INTJ
1864,kimstephanie,22,Male,French Guiana,INTP
1865,phillipskevin,31,Male,Guyana,ISTJ
1866,curtisortega,34,Male,Fiji,ISFP
1867,lhall,44,Male,Mauritania,ISFP
1868,shanetaylor,16,Female,Austria,ESFJ
1869,zimmermanwilliam,36,Female,Samoa,ESFJ
1870,qbrown,37,Male,Monaco,ENTJ
1871,david33,14,Female,Guernsey,ESTP
1872,roberta96,47,Other,Bhutan,INTP
1873,sheppardjames,34,Male,Nigeria,ISFP
1874,billy51,29,Female,British Virgin Islands,ISFJ
1875,tracyodonnell,26,Other,Vietnam,ESTP
1876,jennifer38,14,Female,Burundi,ENFJ
1877,franciscoking,32,Male,Bhutan,INTP
1878,erin20,35,Male,Ethiopia,ISTP
1879,toddvelazquez,38,Male,Jersey,ISTP
1880,brittanystephens,40,Male,Namibia,ISFP
1881,rballard,32,Female,Puerto Rico,INTJ
1882,brianhansen,26,Male,Thailand,ISFJ
1883,haynesmatthew,31,Female,Reunion,ENFP
1884,taylorpamela,21,Male,Syrian Arab Republic,ISFP
1885,angela47,27,Male,Cayman Islands,ISFP
1886,kgreene,35,Female,Fiji,ISTP
1887,terrideleon,36,Male,Belize,ENTP
1888,jacksonmichael,28,Female,Chile,ISTJ
1889,michaeljames,21,Male,Vietnam,ENTP
1890,katherine97,23,Other,Martinique,ESTP
1891,watkinsdaniel,39,Male,Slovakia (Slovak Republic),ENFP
1892,sweeneymatthew,15,Other,Somalia,ISTJ
1893,youngmark,44,Female,Greenland,ENTJ
1894,deansusan,29,Female,Jamaica,ISTJ
1895,flemingerica,28,Female,China,ESTJ
1896,kimberlybrown,20,Female,Lebanon,ESTP
1897,browntracy,16,Other,Bhutan,INTJ
1898,daniel24,37,Male,Peru,ESTP
1899,kirkharry,24,Male,Bosnia and Herzegovina,INTJ
1900,dixonjamie,47,Female,Guernsey,ENTJ
1901,grahampaul,25,Female,India,ESTP
1902,cabreraantonio,32,Male,Anguilla,ESTJ
1903,vargassharon,32,Male,Brunei Darussalam,ENFJ
1904,danamcgee,40,Male,Syrian Arab Republic,ENTP
1905,micheleharper,34,Female,Belarus,INFP
1906,lsimmons,31,Male,Antarctica (the territory South of 60 deg S),ISFP
1907,smithnicole,21,Female,Equatorial Guinea,ENFJ
1908,weissangela,36,Male,Macedonia,ENTP
1909,haleychen,32,Female,Belgium,INFP
1910,bholmes,45,Other,Timor-Leste,ESTP
1911,malik69,31,Male,Comoros,ISTJ
1912,tramos,18,Male,Monaco,ESTJ
1913,joanderson,49,Other,Georgia,ESFJ
1914,bookerjoshua,28,Female,Lesotho,ESTJ
1915,iolsen,18,Male,Macedonia,ESTP
1916,daniel57,45,Female,Haiti,ENFP
1917,christophermorgan,27,Male,Iceland,ISTJ
1918,pedwards,22,Male,Aruba,ESFP
1919,harveyjennifer,24,Female,Bulgaria,ISFP
1920,karen19,14,Male,Madagascar,ISFP
1921,michaeldougherty,27,Female,Monaco,INFJ
1922,briangallegos,29,Other,Bulgaria,INFP
1923,grayamanda,36,Female,Bouvet Island (Bouvetoya),ENFJ
1924,acortez,49,Male,Ukraine,ISFJ
1925,barbarafitzpatrick,19,Other,Nauru,INFP
1926,jonesmichael,29,Other,Eritrea,ESTP
1927,edwardskathleen,49,Male,Canada,INTP
1928,underwoodjasmine,21,Male,Russian Federation,ISTJ
1929,alvaradodaniel,30,Male,Guyana,ESFJ
1930,dean47,18,Male,Australia,ESTP
1931,haydenstevens,30,Female,Tokelau,INFP
1932,gambleshane,20,Male,Saint Pierre and Miquelon,ESFP
1933,lbrown,38,Male,Turkey,ISTP
1934,qroy,30,Female,Tonga,ENFJ
1935,jrichards,20,Other,Estonia,ENTP
1936,christophermahoney,37,Other,Cayman Islands,ISTP
1937,jasminegonzalez,25,Male,Canada,INFJ
1938,christopher47,38,Female,United States Virgin Islands,ENFP
1939,vhale,13,Other,Congo,ISTP
1940,cole25,13,Male,Guernsey,ENFP
1941,tammie05,45,Male,Guadeloupe,ESFP
1942,mariesims,14,Female,Qatar,ISTJ
1943,tim49,20,Female,Ghana,ENTJ
1944,wschultz,13,Male,Mauritania,INFP
1945,latasha85,26,Male,Niue,ISTP
1946,qmcdaniel,28,Male,French Polynesia,ESFJ
1947,christine80,28,Male,Turkey,ISFP
1948,linda52,34,Other,Venezuela,INFP
1949,christopher48,45,Female,Belgium,ISFP
1950,ocooley,33,Male,Afghanistan,ESFP
1951,smithamanda,48,Male,Myanmar,ISFJ
1952,eddie03,24,Male,Faroe Islands,ESFP
1953,brooksbrittney,40,Female,Bahrain,ENFJ
1954,dyersherry,24,Female,Chad,ESFJ
1955,stonesara,36,Other,Togo,ENFJ
1956,joelallen,37,Female,Gambia,INTP
1957,nsmith,25,Other,Peru,ESTP
1958,xdixon,37,Male,Tanzania,ESTJ
1959,martinezmelanie,38,Male,Mayotte,INTJ
1960,xpaul,33,Female,Antarctica (the territory South of 60 deg S),ESFP
1961,cobbtonya,28,Male,Mozambique,ISFP
1962,robyn59,16,Male,Egypt,ENFJ
1963,opeterson,41,Male,Saint Kitts and Nevis,ESTP
1964,camachocharles,26,Male,British Indian Ocean Territory (Chagos Archipelago),ISTJ
1965,kevinwells,28,Male,Tuvalu,INFP
1966,joneskatherine,37,Female,Gambia,ENTP
1967,eperkins,47,Female,Saint Lucia,ISTP
1968,zgreen,17,Male,Malta,ISTJ
1969,elloyd,34,Female,United States of America,ENFJ
1970,brittany36,21,Male,Taiwan,INFP
1971,joelwilson,21,Male,Mexico,INTJ
1972,cindy15,22,Other,Ireland,ISFJ
1973,joycearmstrong,20,Female,Nauru,ESFP
1974,matthewsmatthew,28,Other,Micronesia,ENTJ
1975,taraortega,21,Male,Timor-Leste,ISTJ
1976,newtonpatrick,15,Female,Antarctica (the territory South of 60 deg S),INFJ
1977,wesleybrown,31,Male,San Marino,ENTJ
1978,kglover,20,Female,Jordan,ESFJ
1979,teresahorne,24,Male,Venezuela,ESFP
1980,kevinhardy,15,Other,Argentina,ISTJ
1981,matthewjimenez,44,Male,Belize,ISFP
1982,jasmine86,43,Female,France,ENFP
1983,ashleycohen,29,Male,Colombia,ISFJ
1984,ashley68,48,Female,Zambia,INTP
1985,stevensjared,19,Female,Russian Federation,ENFJ
1986,william74,46,Female,Heard Island and McDonald Islands,ISTJ
1987,hcruz,37,Female,Timor-Leste,INFJ
1988,yolanda18,28,Male,Slovenia,ESFJ
1989,angelawhite,44,Female,French Polynesia,INFJ
1990,kristinhodge,19,Female,Austria,ISTJ
1991,rachel81,46,Male,Congo,INFJ
1992,rebecca13,18,Female,Guyana,INTP
1993,glane,13,Female,Denmark,ENTP
1994,ychambers,44,Female,Estonia,INFJ
1995,jordanpamela,21,Other,Afghanistan,INFJ
1996,xavierpetty,16,Other,Afghanistan,ENFP
1997,rachelhill,45,Male,Falkland Islands (Malvinas),ESTP
1998,ramirezbenjamin,29,Male,Aruba,INFJ
1999,bellgina,19,Male,Syrian Arab Republic,ISTP
2000,barkerwilliam,36,Male,Malta,ISFJ
2001,diazbetty,18,Male,Venezuela,ENTJ
2002,ghall,37,Male,Bhutan,ESTJ
2003,qperry,36,Male,Vanuatu,INTP
2004,randy22,48,Male,Angola,ESFP
2005,smithbailey,17,Male,Zimbabwe,ESFP
2006,shunt,13,Male,Svalbard & Jan Mayen Islands,ENFP
2007,cassandragreene,20,Female,Oman,INFP
2008,qjones,32,Male,Saint Kitts and Nevis,ESTJ
2009,lori92,29,Female,Lesotho,INFJ
2010,barrykimberly,16,Female,Hungary,INTJ
2011,larsonsteven,19,Male,Qatar,ENFJ
2012,tsantiago,36,Male,Falkland Islands (Malvinas),ISTP
2013,ethomas,48,Male,Costa Rica,ESTP
2014,martinezjeremy,46,Male,Fiji,INFJ
2015,lanemelanie,33,Male,Yemen,ESFJ
2016,ycoleman,32,Female,Macao,ESTJ
2017,trevinokeith,19,Male,Lebanon,ENTJ
2018,wcrawford,32,Female,Sweden,ENTJ
2019,ytaylor,21,Female,Singapore,ISFP
2020,shaneclark,38,Female,Jersey,ESFP
2021,vhenderson,45,Other,Cote d'Ivoire,ESFJ
2022,jennifer31,35,Other,Gambia,INTJ
2023,johnlewis,20,Male,Uzbekistan,INTP
2024,dunnriley,35,Female,Azerbaijan,INFP
2025,sgonzales,37,Female,Antigua and Barbuda,ISFP
2026,wdalton,24,Female,French Guiana,ISFJ
2027,wilsonnicole,14,Male,Panama,INFP
2028,walkeremily,15,Female,Armenia,INFP
2029,thomasfranklin,45,Other,Uganda,ENTJ
2030,adriana22,18,Male,Guam,INFJ
2031,kaitlin48,28,Male,Samoa,ENFJ
2032,caseerica,18,Male,Malaysia,ISTP
2033,whitneysanchez,37,Female,Hong Kong,ENTJ
2034,rjohnston,25,Male,Eritrea,INFP
2035,snydertammie,16,Male,Kazakhstan,ISTJ
2036,jonesethan,41,Female,Tanzania,ISTP
2037,xwood,23,Male,Mauritius,ISFP
2038,wmiller,14,Male,Cuba,ENTJ
2039,ahuynh,47,Male,Belgium,INTP
2040,hmendez,36,Female,Chile,INFP
2041,chelseaburke,16,Male,Mexico,ENTP
2042,pamelavasquez,48,Female,Cocos (Keeling) Islands,ENTP
2043,emily63,24,Female,Tanzania,INFP
2044,danielrose,38,Male,Northern Mariana Islands,ISFP
2045,maureen37,27,Male,Kiribati,INTJ
2046,zsanchez,32,Other,Chile,ISFJ
2047,cynthia82,31,Female,Christmas Island,ESFJ
2048,hansencody,17,Female,Mauritius,ESTP
2049,dayvirginia,37,Male,Sweden,ESTJ
2050,harveymelissa,31,Other,Saint Helena,ENTP
2051,allenalexis,48,Female,United Kingdom,INTJ
2052,joshuahuang,46,Other,Greenland,ISFJ
2053,christopherjohnson,44,Female,Yemen,ENTP
2054,kaylaharvey,32,Male,Pitcairn Islands,ENTJ
2055,khunt,36,Male,Monaco,ENTP
2056,richardpoole,32,Male,Argentina,ISFP
2057,sandywilliams,47,Male,Hungary,INTJ
2058,rpierce,43,Male,Grenada,INFP
2059,micheleperez,17,Male,Gibraltar,INTJ
2060,rsmith,42,Male,Norfolk Island,ESTJ
2061,torresdavid,26,Male,Aruba,ENTJ
2062,xwallace,37,Male,Cameroon,ESFJ
2063,bruce61,37,Female,Senegal,ISTJ
2064,fcohen,14,Male,Portugal,INTP
2065,maysmichael,23,Female,Equatorial Guinea,ENTP
2066,bradfordshawn,17,Female,Guinea-Bissau,ENFJ
2067,jesse33,15,Female,Reunion,ENTJ
2068,jhurst,44,Male,Papua New Guinea,ENTP
2069,billclark,23,Other,Philippines,ESFP
2070,fwalker,19,Other,Tunisia,INTP
2071,boonemonica,20,Female,Bosnia and Herzegovina,ENTP
2072,monique71,18,Male,Cocos (Keeling) Islands,ENFJ
2073,kbeck,45,Female,Mauritius,INFP
2074,danielle62,18,Female,Bosnia and Herzegovina,ENFJ
2075,wujoshua,19,Female,Sri Lanka,ESTP
2076,hamiltonsusan,13,Male,Papua New Guinea,INTJ
2077,gregoryjames,38,Female,Ethiopia,ISFP
2078,bassbarbara,49,Female,Spain,ISTJ
2079,qwolfe,23,Male,Hong Kong,ENTP
2080,vjordan,43,Other,Austria,ESFP
2081,kramerdawn,28,Male,French Southern Territories,ISFP
2082,charles85,19,Female,Luxembourg,INTJ
2083,benjaminjill,23,Male,Jordan,ESFJ
2084,ericaperry,16,Male,Malawi,ENTJ
2085,traci79,26,Female,French Guiana,ISFP
2086,lhughes,32,Female,Congo,ENTP
2087,olivia03,46,Male,Montserrat,ESFJ
2088,kara19,48,Female,Guam,ISTP
2089,john62,34,Female,Lao People's Democratic Republic,INFP
2090,bortega,48,Female,Guam,ESFP
2091,brandonsmith,22,Male,Macedonia,ENTJ
2092,dana60,41,Female,Macedonia,ESFJ
2093,daviladean,42,Other,Saint Martin,ESTP
2094,jill04,16,Male,Switzerland,ISFJ
2095,shahvanessa,21,Male,Niue,ESFP
2096,curtis08,49,Male,Indonesia,ISTP
2097,gabrielgonzalez,25,Female,Ethiopia,ISTP
2098,zavalatonya,38,Female,Congo,INTP
2099,davidsondale,29,Male,Benin,ESTP
2100,christinebarnes,43,Male,Cote d'Ivoire,ENTP
2101,gallagherdaniel,46,Male,Cuba,INFJ
2102,moorewhitney,20,Female,Tonga,ISFP
2103,ncampos,36,Female,Suriname,INFP
2104,pdaniel,15,Female,Vanuatu,ENFJ
2105,michael43,26,Male,Saint Martin,ESTP
2106,mannbrandon,45,Female,Cuba,ESFJ
2107,johnlopez,36,Female,Finland,INFP
2108,jasmine30,43,Male,Armenia,INFJ
2109,michael03,30,Female,Indonesia,ESFJ
2110,kimberly82,17,Male,American Samoa,ISTP
2111,stephanie52,40,Male,Falkland Islands (Malvinas),ISTP
2112,jennifer56,23,Male,Jamaica,ISFP
2113,ramirezwillie,31,Female,Ecuador,ENTJ
2114,knguyen,45,Female,Timor-Leste,INFJ
2115,heatherweiss,43,Male,Trinidad and Tobago,INFP
2116,andrewmiles,42,Male,New Caledonia,INFJ
2117,haroldsmith,18,Female,Japan,ESFP
2118,zharris,17,Female,Kyrgyz Republic,INTP
2119,gordonbrandon,28,Female,Bahamas,INFP
2120,whiterichard,13,Male,Niger,INFJ
2121,htorres,39,Female,Algeria,ESTJ
2122,michael40,27,Female,Belgium,ESFJ
2123,melissabyrd,42,Male,Cote d'Ivoire,ESFJ
2124,laurenlopez,43,Other,Saint Martin,INFP
2125,bryce73,24,Male,Gibraltar,ISTJ
2126,john52,14,Male,Thailand,ENTP
2127,amygarcia,46,Male,Denmark,ESTP
2128,jpeterson,26,Male,Belize,INFP
2129,roseerin,43,Male,British Virgin Islands,ENTP
2130,tmoore,28,Female,Central African Republic,ENFJ
2131,griffinandrew,26,Other,Montserrat,ENTJ
2132,brendapadilla,40,Male,Cook Islands,ISFP
2133,ccook,26,Female,Madagascar,ENFJ
2134,aaronjones,37,Female,Mali,ENTJ
2135,paynejames,46,Female,Ukraine,INFP
2136,william39,37,Other,Comoros,ESFJ
2137,oholloway,46,Male,Panama,ENTP
2138,elizabethluna,21,Female,Congo,ESFP
2139,wendy54,39,Male,Antigua and Barbuda,ENTP
2140,andreacampbell,42,Male,Georgia,ESFJ
2141,mckinneymeghan,32,Female,Uganda,ISTP
2142,hartronald,47,Female,Bangladesh,ENTP
2143,james59,41,Male,Japan,ENTP
2144,kaylafoster,32,Female,Marshall Islands,ISFP
2145,jeremy20,43,Female,Antarctica (the territory South of 60 deg S),INTJ
2146,ereyes,46,Female,Wallis and Futuna,INFJ
2147,erinsharp,34,Female,Kenya,ENFJ
2148,kkoch,33,Female,Cook Islands,ENTJ
2149,mark02,19,Female,Vietnam,ESTP
2150,andersonjason,46,Female,Lesotho,ENFJ
2151,pgilbert,45,Male,Saint Vincent and the Grenadines,ISFJ
2152,fmorrison,24,Male,Nepal,ISFJ
2153,jonesdonna,27,Male,Bosnia and Herzegovina,ISFP
2154,alexander84,49,Female,Switzerland,INTP
2155,weeksangela,26,Female,Paraguay,INTJ
2156,cookscott,21,Male,Burundi,ENFP
2157,emoore,35,Female,Haiti,ISFP
2158,danielkirk,15,Female,Guinea,ESFP
2159,kevinwoodard,35,Male,Tuvalu,INTP
2160,rsalas,34,Male,French Southern Territories,ISTJ
2161,christina93,21,Female,Sao Tome and Principe,ISFP
2162,zgoodman,38,Other,Djibouti,ENFJ
2163,hortonalan,40,Male,Vietnam,ENTJ
2164,ehogan,23,Male,Niger,ESFJ
2165,hughesdennis,49,Female,Croatia,ESTJ
2166,baxterjorge,36,Male,Mexico,ENTJ
2167,xsimmons,28,Female,Japan,ESFP
2168,oreid,32,Male,Oman,ENFJ
2169,brewermichael,27,Male,Ecuador,ENTP
2170,xvaughan,39,Female,Slovakia (Slovak Republic),ENTP
2171,pchavez,47,Other,Saint Barthelemy,ISFJ
2172,robert07,46,Female,Denmark,ISTP
2173,plong,39,Male,Micronesia,ISTP
2174,turnertamara,14,Female,Burundi,ESFJ
2175,stephanie44,26,Female,Lithuania,ENTP
2176,coloncynthia,22,Female,Hungary,ENFJ
2177,johnphillips,27,Female,Sierra Leone,ENTP
2178,josephbrown,38,Male,Niger,ISTJ
2179,tiffany49,32,Male,Mozambique,INTP
2180,csoto,37,Male,Czech Republic,INFJ
2181,awang,20,Female,Israel,ESTP
2182,kyle63,23,Female,Namibia,INFJ
2183,oliviadonaldson,49,Female,Papua New Guinea,ENFJ
2184,melissarogers,24,Female,Swaziland,ESTP
2185,samanthacolon,20,Male,Thailand,ISTP
2186,bradley78,40,Other,Taiwan,INFJ
2187,jimenezjonathan,33,Male,Cyprus,ISFP
2188,isaacgarcia,38,Female,Dominica,ISFJ
2189,omatthews,37,Male,Uzbekistan,ISTJ
2190,evantaylor,33,Female,Latvia,ENTJ
2191,woodvalerie,30,Female,French Guiana,ISFJ
2192,mary65,13,Female,Morocco,ISTJ
2193,nicole25,33,Male,Slovakia (Slovak Republic),ENTP
2194,ywatkins,29,Female,Slovenia,ESTP
2195,medinaanne,22,Male,Portugal,INFP
2196,kingkevin,39,Male,Bosnia and Herzegovina,ENTP
2197,kelleywesley,45,Female,Greece,ISFJ
2198,andrewthompson,28,Female,Iran,ISFP
2199,katrinavazquez,39,Female,Western Sahara,ENTP
2200,edwardssteven,22,Male,Lebanon,ESTP
2201,ellenmaldonado,26,Male,Italy,INTP
2202,morrisjessica,48,Male,Nigeria,ENFP
2203,tknight,49,Female,Israel,ESTP
2204,manuelpage,37,Female,Guadeloupe,ISTJ
2205,alanclements,25,Female,Peru,ENFP
2206,mark23,36,Female,Montenegro,INFJ
2207,awalters,27,Male,Bolivia,ISFP
2208,brian39,38,Male,Central African Republic,ISTP
2209,vsmith,30,Female,Guyana,ENFP
2210,lesterjanice,24,Male,Greece,ISTJ
2211,wilkinsonwillie,20,Other,Cameroon,ESTP
2212,katie95,39,Other,Turkmenistan,INTP
2213,kathryn78,28,Male,Libyan Arab Jamahiriya,ISFJ
2214,annabrown,25,Male,Nepal,INTJ
2215,irwinjoshua,41,Female,Cook Islands,ESTP
2216,mallory56,32,Male,Austria,ISFP
2217,samanthahopkins,17,Female,Djibouti,ENTJ
2218,brian32,15,Female,Korea,ESTJ
2219,tina24,33,Female,Iceland,ENTJ
2220,davidtran,21,Female,Mongolia,ENTP
2221,smithdillon,26,Female,Cayman Islands,INFJ
2222,stephanie19,14,Male,Armenia,ISTJ
2223,robert64,29,Other,Hungary,INTP
2224,moralesmadeline,44,Female,Netherlands Antilles,INTJ
2225,bjones,13,Female,Christmas Island,ESFP
2226,jennifer33,45,Female,Montenegro,INFP
2227,jacksonjohn,40,Female,Italy,ESTJ
2228,denise36,28,Other,Saint Barthelemy,ESTP
2229,mreeves,22,Female,Ghana,INTP
2230,fjackson,16,Female,Saint Kitts and Nevis,ESTP
2231,traceyterrell,34,Male,Netherlands,ISTJ
2232,murphymaria,39,Male,Norway,ENFJ
2233,michael97,27,Male,Malta,ISTP
2234,robertsingleton,33,Male,South Georgia and the South Sandwich Islands,INTJ
2235,jennifer71,40,Female,Albania,ENFJ
2236,smithantonio,21,Male,Saint Pierre and Miquelon,INFJ
2237,jennifermiller,25,Male,Congo,ESFJ
2238,amyhenry,16,Male,Denmark,ESFP
2239,emilyperry,29,Other,Faroe Islands,ENTJ
2240,jessicacooper,45,Male,Jersey,ESTJ
2241,owilliams,31,Male,Saint Lucia,ISFJ
2242,kimberly29,42,Male,Serbia,ISFP
2243,jacqueline85,23,Other,Madagascar,ENTP
2244,charlesbrown,17,Female,Madagascar,ISTP
2245,sarahross,13,Female,Cambodia,ISTJ
2246,conwaytina,39,Female,Holy See (Vatican City State),INTJ
2247,millerjacob,21,Male,Uzbekistan,INTP
2248,deniselee,49,Male,United Arab Emirates,ENTP
2249,dmurphy,43,Male,Latvia,INTP
2250,jeffersongabrielle,38,Male,Hungary,INFJ
2251,franklinkatie,38,Male,Uzbekistan,ESFP
2252,brandondunn,37,Female,Congo,INTJ
2253,carlosgarcia,24,Male,Colombia,INFP
2254,normanfernandez,21,Other,Micronesia,ISTP
2255,shanemills,48,Male,Tuvalu,ISTJ
2256,carl77,25,Female,Lebanon,ENFP
2257,kennethmaxwell,47,Female,Angola,ENFP
2258,gentryjennifer,19,Male,Madagascar,INTJ
2259,schneidernicole,35,Female,Belize,ISFP
2260,isolis,37,Female,Cocos (Keeling) Islands,ESFP
2261,hwoods,42,Female,San Marino,ENTJ
2262,dmartinez,14,Male,Chile,ESFJ
2263,sarahryan,47,Male,Myanmar,ESTP
2264,melissahawkins,25,Male,Namibia,ESTJ
2265,clayjames,39,Male,Moldova,ENTJ
2266,vjohnson,48,Male,Monaco,ISFP
2267,jacksonpeter,34,Male,Spain,ESFJ
2268,mellis,49,Other,Australia,ISFP
2269,leslie44,48,Female,Myanmar,INTJ
2270,duanebowers,27,Other,Cape Verde,ENFP
2271,erinprice,20,Female,Czech Republic,INTP
2272,fobrien,28,Male,Guernsey,INFP
2273,emilyrivera,14,Male,Kazakhstan,ESFJ
2274,stevenspencer,23,Male,Lithuania,ENTJ
2275,bakerkristen,18,Male,Djibouti,ISFP
2276,kruegerjonathan,13,Male,Tokelau,INFP
2277,tara26,41,Female,Mexico,ISTP
2278,johnbryant,44,Male,Cayman Islands,ENTP
2279,williamslisa,38,Other,Panama,ENTP
2280,fjohnson,49,Male,Iceland,ISTP
2281,brittany91,48,Female,Macedonia,ENFJ
2282,barrettmichael,37,Female,Luxembourg,ESTJ
2283,pjimenez,44,Male,Turkmenistan,ESTP
2284,michaelwood,37,Male,Lebanon,ESFJ
2285,dholmes,47,Other,Swaziland,ISTP
2286,ashleypeterson,20,Male,Argentina,ENTP
2287,jeffrey56,48,Male,Belize,ENFJ
2288,petersenkathleen,26,Male,Cyprus,ESFP
2289,rdelgado,35,Female,Antarctica (the territory South of 60 deg S),INTJ
2290,coleelizabeth,31,Male,Greece,INTJ
2291,rwolf,49,Female,Germany,INFP
2292,hendersonstephanie,30,Female,Turks and Caicos Islands,ISTJ
2293,swansonwilliam,24,Male,Syrian Arab Republic,ISTP
2294,juan52,26,Male,Jersey,ENTJ
2295,hannabrent,23,Female,South Georgia and the South Sandwich Islands,INFJ
2296,jennifer50,30,Male,Montenegro,ISFP
2297,melanie89,24,Other,Falkland Islands (Malvinas),INTP
2298,kramos,40,Male,Vietnam,ENFP
2299,blee,47,Male,Uzbekistan,ISFP
2300,thomasmallory,47,Female,Lao People's Democratic Republic,ENTJ
2301,caldwelljason,25,Male,Cape Verde,ESFP
2302,amanda17,37,Male,Bulgaria,ENTP
2303,staylor,41,Male,Bouvet Island (Bouvetoya),ISTP
2304,grahamjoseph,36,Male,Papua New Guinea,ENFP
2305,francesthomas,25,Other,Norway,ENTJ
2306,mdunn,13,Other,Timor-Leste,ENTJ
2307,joneslisa,45,Female,Burkina Faso,ENFJ
2308,zbaldwin,19,Male,Bangladesh,ESTP
2309,nfarley,19,Female,Antigua and Barbuda,ISTP
2310,gjohnson,31,Male,Saint Kitts and Nevis,ENFP
2311,jjones,17,Female,Pakistan,ENTP
2312,lori52,49,Male,Morocco,ENTJ
2313,oduke,13,Female,Sudan,INFJ
2314,annajones,41,Female,Comoros,ISTJ
2315,diamondhernandez,18,Male,Kiribati,ESTJ
2316,jerry46,45,Female,Congo,INTJ
2317,caldwellrandy,35,Female,Mexico,INTP
2318,micheleoneill,38,Female,Lesotho,ESFP
2319,nicolethomas,43,Female,Chad,ESTP
2320,umendoza,36,Male,Malawi,INFP
2321,garnerdaniel,22,Female,Ghana,INTJ
2322,xanderson,16,Female,Belgium,INTJ
2323,mary51,15,Male,El Salvador,ENTJ
2324,daniel83,13,Female,Oman,ISTJ
2325,barbarascott,30,Male,Guinea,INFP
2326,uwhite,46,Female,Mongolia,ENFP
2327,rsellers,21,Female,Palau,INTP
2328,wellsdarlene,41,Male,Ukraine,ISTP
2329,johnstanley,42,Male,Guinea-Bissau,INTP
2330,kimberlymcclure,44,Male,Lao People's Democratic Republic,ISFJ
2331,xmcconnell,46,Male,Japan,ISFJ
2332,durhamdavid,39,Other,Dominica,ISTJ
2333,meyersdonna,27,Female,Germany,ESFP
2334,lori65,25,Male,Netherlands Antilles,ESTJ
2335,mullendeborah,19,Female,Ukraine,ESTP
2336,mendozamelanie,37,Other,Nicaragua,ENTJ
2337,bellsarah,13,Male,Slovenia,ISTJ
2338,taylortonya,21,Male,Holy See (Vatican City State),ESTP
2339,shaffershawn,14,Female,Uganda,ESFJ
2340,shepardjeffrey,41,Female,Belize,ENFJ
2341,cjackson,44,Male,Tunisia,INFJ
2342,sharon46,39,Female,Guyana,ESTP
2343,corygarner,22,Female,Afghanistan,ENFP
2344,katherine92,43,Male,Tuvalu,ISFP
2345,johnjackson,40,Female,Congo,ESTJ
2346,triggs,45,Other,Jamaica,ENFP
2347,dhill,41,Male,Kuwait,ESTJ
2348,mario72,18,Male,Sao Tome and Principe,INTJ
2349,stephanietaylor,35,Female,Ethiopia,INTP
2350,tracythompson,29,Male,Canada,ENTJ
2351,sanderspatricia,21,Other,Guernsey,ISFJ
2352,meganharris,39,Male,Aruba,ESTJ
2353,daniel40,44,Female,Rwanda,ENFJ
2354,ramirezleslie,21,Female,Western Sahara,INTJ
2355,nmiller,14,Male,Suriname,ESTJ
2356,ryandavis,25,Female,Syrian Arab Republic,ESFJ
2357,yhamilton,40,Female,Central African Republic,ENTP
2358,maloneheather,46,Male,Norfolk Island,ENTP
2359,anthony98,31,Female,Honduras,ESFP
2360,dawnlawson,15,Female,Monaco,ENFP
2361,hortonandrew,32,Female,Somalia,ISFP
2362,mathewmartin,38,Female,Bahrain,INFP
2363,wandacruz,37,Male,Uganda,ESTP
2364,sallylee,28,Male,Wallis and Futuna,ENFJ
2365,johnathanbowers,39,Male,Norway,ENTP
2366,morrisonchristina,48,Male,South Georgia and the South Sandwich Islands,ESTJ
2367,zhangryan,35,Male,Cape Verde,ENTP
2368,mckinneydanielle,33,Male,Monaco,ENTP
2369,salexander,19,Other,Norway,ISTJ
2370,mary44,17,Female,Saint Kitts and Nevis,ISFP
2371,jeffersonerika,19,Male,Gibraltar,ISTP
2372,joannecooper,21,Other,Saint Helena,ESFP
2373,debra83,43,Female,Indonesia,ISFJ
2374,kennethlewis,29,Male,Norfolk Island,ESTP
2375,rachel34,37,Female,Malta,ENTP
2376,elijahjohnson,29,Female,Guatemala,ISFJ
2377,sheilaberg,44,Male,Vietnam,ENFP
2378,amandaclark,36,Male,Austria,INTP
2379,tshort,34,Male,Northern Mariana Islands,ENFJ
2380,abuckley,34,Male,Israel,ENFJ
2381,megan02,36,Female,Eritrea,ENTP
2382,andre60,36,Female,Cyprus,ESFJ
2383,michaelpittman,41,Female,Russian Federation,ENTP
2384,hstewart,26,Male,Guinea,INTP
2385,lanetamara,30,Male,Bermuda,INFJ
2386,andersonandrea,17,Female,Palau,ENTJ
2387,vtaylor,30,Female,United Arab Emirates,INTJ
2388,bowersamy,27,Male,Greenland,INTP
2389,shannonhanson,28,Female,Macao,ENTJ
2390,robertfoster,30,Female,Chad,INFJ
2391,michaelpratt,21,Male,Peru,ENTP
2392,russell29,40,Male,Martinique,ENFJ
2393,umueller,23,Female,Germany,ENTP
2394,mejiatracey,47,Female,Comoros,INFJ
2395,zthompson,18,Other,Rwanda,INTP
2396,mccoyeric,31,Female,Macao,ISFJ
2397,uhall,47,Female,Angola,ISTJ
2398,sarahbrooks,35,Female,Falkland Islands (Malvinas),ESTP
2399,joneschristina,14,Male,Reunion,INTP
2400,xbryant,36,Female,Uruguay,ISFP
2401,ihardin,34,Other,Tajikistan,ESFP
2402,cynthiamorales,40,Male,Tunisia,ESTJ
2403,michael32,17,Male,Cook Islands,INFP
2404,krobbins,46,Female,Guatemala,INTJ
2405,abrown,45,Female,Saint Barthelemy,ESTP
2406,orivas,28,Female,Paraguay,ESTP
2407,kristen65,26,Female,Suriname,INTJ
2408,cynthia38,47,Female,Mauritania,INTP
2409,aclayton,33,Male,Palau,ISFP
2410,bellraymond,46,Other,China,ISFP
2411,ocarlson,42,Female,Norfolk Island,ESTJ
2412,wendy52,41,Male,Burkina Faso,ENTP
2413,garciakaren,37,Female,Mayotte,ISTP
2414,laurie34,15,Female,Liberia,ISTJ
2415,wongjoel,32,Other,Bosnia and Herzegovina,ISTP
2416,thomasflynn,49,Female,Paraguay,ESTJ
2417,nnelson,42,Male,Eritrea,ESFJ
2418,adam30,35,Male,Panama,ISTP
2419,colleen81,36,Female,Cameroon,ESTJ
2420,heathermack,20,Female,Hong Kong,ISFP
2421,cduran,37,Other,Spain,INFP
2422,hlamb,28,Male,Sierra Leone,INFJ
2423,sarah36,34,Male,Libyan Arab Jamahiriya,ENFJ
2424,fitzpatrickconnor,28,Female,Bosnia and Herzegovina,ISFJ
2425,tiffany59,46,Male,Ireland,INTJ
2426,tracyewing,48,Male,Fiji,ENTP
2427,shanefletcher,35,Female,United Arab Emirates,INTJ
2428,joy45,48,Female,Mayotte,ENFP
2429,websterdavid,31,Other,Taiwan,ENFP
2430,hoopersylvia,47,Other,El Salvador,INTJ
2431,walkerandrew,15,Male,Morocco,INFP
2432,robertlowe,17,Female,Ireland,ESTJ
2433,tguzman,40,Male,Kiribati,INTP
2434,rebecca88,27,Male,Bahrain,ISFJ
2435,bdouglas,27,Male,Vietnam,ESTP
2436,singhjordan,33,Female,Ghana,INTP
2437,maureen92,48,Female,Bermuda,ISTJ
2438,juliehubbard,33,Female,Bulgaria,ISFJ
2439,saracampbell,49,Male,Ireland,INFP
2440,mcampbell,25,Other,Gabon,INFP
2441,careydaniel,28,Female,Guyana,INFJ
2442,vdelgado,29,Male,Palau,ESTJ
2443,hillallison,30,Male,Uganda,ENTJ
2444,jonescassandra,37,Female,Singapore,ISFJ
2445,nealkaren,34,Female,Wallis and Futuna,ESFP
2446,gdixon,37,Female,Tonga,INTJ
2447,toddhall,43,Male,Panama,ENTP
2448,georgeshannon,35,Male,Niger,ENTJ
2449,christopherjackson,36,Female,Cape Verde,INFJ
2450,jacobsmelissa,18,Female,Turkey,ESFP
2451,dawsoncarrie,48,Male,Togo,ESFJ
2452,rebecca37,31,Male,Reunion,INFP
2453,webbsheila,44,Female,Switzerland,ISFP
2454,christian78,40,Male,Senegal,ESFJ
2455,ithompson,13,Other,Seychelles,ENFJ
2456,markjohnson,21,Male,Niue,INTP
2457,amystewart,48,Male,Barbados,ENTP
2458,iarellano,35,Female,Belize,ENFJ
2459,danielle29,24,Female,India,INTP
2460,michellewatson,17,Female,Algeria,INFJ
2461,joshua88,23,Female,Latvia,ENFJ
2462,tyler92,48,Male,Guam,ESTP
2463,annette07,36,Male,Bouvet Island (Bouvetoya),ISFJ
2464,smithnatasha,48,Male,United States of America,ENFP
2465,xavierbarrera,27,Other,Slovakia (Slovak Republic),ESFJ
2466,potterchad,31,Male,Finland,ENTJ
2467,olsonmiguel,48,Female,Mongolia,ISFP
2468,ingramkimberly,44,Male,Iceland,ISTJ
2469,amy67,29,Male,Slovakia (Slovak Republic),ESTP
2470,elizabeth23,25,Other,Bolivia,INFJ
2471,jessicaheath,18,Female,Malta,ENFP
2472,poolepaul,14,Other,Burundi,ESTP
2473,michael07,48,Male,Mexico,ISTP
2474,patrick80,17,Female,Lebanon,ENTJ
2475,adam31,22,Female,Jersey,ISTP
2476,iyoung,32,Other,Papua New Guinea,ISFP
2477,pgutierrez,30,Male,Suriname,INFJ
2478,pcollins,14,Female,Botswana,ISTP
2479,ypearson,24,Male,Spain,ESTP
2480,yhayden,38,Male,Costa Rica,ISFJ
2481,kingbrian,34,Female,Bermuda,INTJ
2482,mosssabrina,33,Male,Jamaica,ISFJ
2483,urobbins,32,Male,Armenia,ENTJ
2484,beverly60,47,Female,Micronesia,INFJ
2485,antoniohenry,43,Female,Lao People's Democratic Republic,ESTP
2486,tarasmith,36,Male,Armenia,ENFP
2487,elizabeththompson,44,Male,South Georgia and the South Sandwich Islands,INFJ
2488,richardsonjeremy,31,Female,British Indian Ocean Territory (Chagos Archipelago),ESFP
2489,abaldwin,47,Female,Iraq,INFJ
2490,perryjonathan,27,Female,Hungary,ISTJ
2491,grahammichelle,37,Male,Gambia,ENFP
2492,jenniferjensen,27,Male,Uruguay,ENFJ
2493,tonymontgomery,26,Male,Andorra,ENTP
2494,vargaschristopher,25,Female,Tuvalu,ISTP
2495,pthomas,24,Female,Nauru,ENTP
2496,sherri03,33,Male,Lesotho,INTJ
2497,davisalexandra,34,Female,Nicaragua,ENTP
2498,nicholas58,43,Male,Wallis and Futuna,INTJ
2499,grahamashley,15,Other,Christmas Island,ISFP
2500,garcianicholas,37,Female,Netherlands,ISFJ
2501,escobarmiguel,20,Male,Andorra,ESTJ
2502,dmcdowell,45,Female,Reunion,ISFP
2503,kimtyler,24,Female,Swaziland,ISFP
2504,crystal16,27,Male,Kuwait,ENFP
2505,millerjames,39,Male,Netherlands Antilles,ESFP
2506,james04,37,Female,British Virgin Islands,ENTP
2507,ochang,42,Male,Afghanistan,ISTP
2508,davisstephanie,18,Male,Congo,INFP
2509,xowens,25,Other,Turkey,ENFJ
2510,maddenchristopher,22,Male,Heard Island and McDonald Islands,INTJ
2511,leslie57,34,Male,Qatar,ESFP
2512,nbrown,14,Male,Western Sahara,ESTJ
2513,cochrankatie,48,Male,Cuba,ISFP
2514,jasonhuynh,22,Female,Micronesia,ESTJ
2515,howardheather,49,Female,Saint Lucia,ESTJ
2516,jenniferelliott,25,Female,Ghana,ESFP
2517,melissa73,33,Female,India,INTJ
2518,richard93,40,Female,Anguilla,INFP
2519,darleneowens,48,Female,Kuwait,ENTP
2520,rruiz,16,Female,Kiribati,ISTP
2521,lopezgina,22,Male,Turks and Caicos Islands,ENTP
2522,donnalindsey,41,Female,Macao,ENTP
2523,williamrussell,39,Female,Faroe Islands,ESTJ
2524,justin44,25,Male,Belgium,INTP
2525,tammy43,36,Female,Reunion,ENTJ
2526,jonathan03,35,Other,Zambia,ISFJ
2527,josephbrown,18,Female,Saudi Arabia,INTP
2528,garciadebra,27,Male,Iceland,INFJ
2529,richardruiz,45,Female,Guinea-Bissau,ISTP
2530,shari35,35,Female,Bermuda,INTJ
2531,joneskyle,17,Other,Azerbaijan,ENTJ
2532,troberts,19,Female,Isle of Man,ESFJ
2533,amandafuentes,28,Female,Zambia,ESTJ
2534,martinsmith,17,Male,Nigeria,ISTJ
2535,mark44,32,Male,Romania,ISFP
2536,zhogan,13,Female,Mali,INTJ
2537,joshuamorris,46,Male,Cayman Islands,INFP
2538,belinda97,38,Male,Israel,INTP
2539,howellkathleen,43,Female,Saint Barthelemy,ISFP
2540,dwolf,27,Male,Swaziland,ENFJ
2541,lisasanchez,30,Other,Rwanda,ESTJ
2542,poolechristian,14,Other,Croatia,ENFP
2543,maldonadogwendolyn,49,Male,Rwanda,ISFJ
2544,brenda13,41,Female,Pakistan,ESTP
2545,hannah84,41,Female,Cocos (Keeling) Islands,ISTJ
2546,smithdenise,29,Male,Iran,ESFP
2547,fmayer,49,Male,Guam,ISTJ
2548,mcdowellcaleb,30,Female,Vanuatu,INFP
2549,glassrandall,43,Female,Canada,ISFJ
2550,pgordon,46,Female,Tokelau,ISFJ
2551,laura12,41,Male,Bahrain,ISFJ
2552,zday,25,Male,Mozambique,INFP
2553,todd07,30,Male,Palestinian Territory,ENTJ
2554,markshaw,40,Male,Hong Kong,INTP
2555,walkerdawn,17,Male,Hong Kong,ESFJ
2556,dennis36,49,Male,Iran,ESTP
2557,uanderson,18,Female,Hong Kong,ISTJ
2558,jordan68,49,Female,Nepal,ESFJ
2559,edavis,34,Other,French Polynesia,ESFJ
2560,dominiquesmith,45,Male,France,ESTJ
2561,tvasquez,41,Female,Chile,INTP
2562,hannah74,15,Female,Afghanistan,ENTP
2563,fhughes,36,Male,United Arab Emirates,ENFJ
2564,parrishjames,37,Female,Guyana,ESTJ
2565,sandovaldavid,26,Male,United Kingdom,ENFP
2566,kirkhenderson,49,Female,China,ENFP
2567,gcollier,46,Other,Canada,ENFP
2568,danielle13,46,Male,Seychelles,INTP
2569,vrichardson,20,Female,Netherlands,ESTJ
2570,natalie15,47,Female,Greenland,ENTP
2571,xkhan,24,Male,Uruguay,INFJ
2572,martineztammy,30,Male,Palestinian Territory,ISTP
2573,omyers,17,Female,Spain,INFP
2574,murraycody,20,Male,Seychelles,ISTP
2575,millerhunter,43,Female,Malaysia,INFJ
2576,beckermarie,34,Male,Nauru,ENTJ
2577,damonlambert,24,Female,Sao Tome and Principe,INTP
2578,michaeldaniels,42,Female,Puerto Rico,ESFP
2579,romeroraymond,48,Other,Tajikistan,INFP
2580,lisaallen,43,Male,Liberia,INTP
2581,hannahmiller,37,Female,Armenia,INFJ
2582,tiffany87,41,Female,Iceland,ENTJ
2583,juan76,42,Other,Canada,ENFJ
2584,robert71,36,Male,Pakistan,ISTJ
2585,dennishenderson,43,Female,United States Minor Outlying Islands,ISFP
2586,raymondbarber,48,Male,Algeria,ISFJ
2587,nathaningram,24,Female,Saint Lucia,INFJ
2588,andrea71,49,Female,Georgia,ISTP
2589,mwhitney,41,Male,Heard Island and McDonald Islands,ESTJ
2590,mcgrathrobert,18,Male,Zimbabwe,ESTP
2591,kentwelch,27,Male,Norway,ESTJ
2592,reyeskristie,35,Female,Timor-Leste,INTJ
2593,brian70,34,Female,Sri Lanka,ESTP
2594,vmarshall,13,Male,Kenya,INFJ
2595,christinaphillips,46,Male,India,ISFJ
2596,mccarthyalexandra,26,Female,Burundi,ENFP
2597,julia05,33,Female,Kiribati,ISFJ
2598,corythomas,30,Female,Paraguay,ISTJ
2599,craig15,28,Male,Gambia,ISFJ
2600,cmorgan,31,Other,Burundi,ESTP
2601,christopher06,33,Male,Saint Lucia,ESFP
2602,tsimpson,47,Female,Kenya,ISFP
2603,clayton68,40,Female,Liechtenstein,ENFJ
2604,qking,35,Female,Trinidad and Tobago,ESTP
2605,anthonygibson,48,Female,Liechtenstein,ESTP
2606,cartererin,14,Male,Kuwait,ENFJ
2607,jamiegarcia,16,Male,Korea,ESFP
2608,christopherburton,32,Male,Slovenia,ISTP
2609,richardpeter,24,Female,Gabon,INFJ
2610,andrew95,43,Male,Senegal,ISTP
2611,dmunoz,46,Male,Samoa,ENFP
2612,kterry,34,Other,Kuwait,ENTJ
2613,tammy56,48,Female,Northern Mariana Islands,ESTJ
2614,lorimclaughlin,29,Female,Svalbard & Jan Mayen Islands,ISTP
2615,johnsonjames,49,Female,Germany,ENTP
2616,rcarrillo,23,Other,Peru,ISFP
2617,jamesbauer,49,Male,Iceland,ESTP
2618,lynn67,16,Male,Bermuda,INTJ
2619,michelle24,24,Female,India,ENFJ
2620,william65,35,Female,Austria,ISTP
2621,jmunoz,43,Other,Svalbard & Jan Mayen Islands,ESTJ
2622,riverachristopher,24,Female,Comoros,ISFP
2623,vancedavid,30,Female,Nigeria,ISFP
2624,kevin32,46,Female,Namibia,INTP
2625,bartlettbrandon,49,Male,Dominican Republic,ISTJ
2626,gcrosby,21,Female,Central African Republic,ESFJ
2627,asullivan,22,Female,Isle of Man,INFP
2628,changsheryl,32,Female,Mauritania,ISFJ
2629,churchsheila,17,Female,Antigua and Barbuda,ISFJ
2630,chadharper,36,Female,Portugal,ESFJ
2631,lejohn,31,Female,Costa Rica,ENTJ
2632,lindahouston,26,Female,Maldives,INTP
2633,josephrussell,33,Male,Zambia,ISTP
2634,holmesdennis,38,Female,Estonia,INFP
2635,jeffrey60,40,Male,Palestinian Territory,ENTP
2636,angelaadams,29,Female,Aruba,ENFJ
2637,stephanie71,33,Male,Ecuador,ESTP
2638,amygray,33,Male,Mozambique,INFP
2639,diazstacey,24,Female,French Guiana,INTJ
2640,ikline,37,Male,Pitcairn Islands,INFJ
2641,robertkelley,35,Male,Albania,INTJ
2642,vmaldonado,34,Male,Taiwan,INTP
2643,rrojas,44,Female,Kuwait,ESFJ
2644,samuelparker,43,Male,Namibia,ESFP
2645,jameskim,32,Male,French Southern Territories,ENFJ
2646,bcarpenter,21,Female,Canada,ISFP
2647,millsann,21,Male,Eritrea,ISFP
2648,ireilly,17,Female,Ghana,INTJ
2649,jesse03,24,Female,Cook Islands,INTJ
2650,bjohnson,23,Male,Philippines,INTP
2651,stephenscynthia,32,Male,Barbados,ISFP
2652,jasmine99,18,Other,Cayman Islands,INTP
2653,gravesstephanie,34,Male,Armenia,ESFJ
2654,usmith,34,Female,United Kingdom,ENTP
2655,rangelconnie,40,Female,Uzbekistan,ENFP
2656,armstrongphillip,38,Male,Rwanda,INTJ
2657,ycampos,22,Male,Afghanistan,ESFJ
2658,adamsmeredith,43,Other,Gambia,INFJ
2659,william87,32,Female,Malta,ESTJ
2660,xlee,34,Female,Mexico,INTJ
2661,dtorres,27,Male,Germany,ESTP
2662,keith07,25,Female,Puerto Rico,INFP
2663,guzmanralph,20,Male,Gambia,ESTJ
2664,nwilson,32,Male,Lithuania,ENTP
2665,travishoward,21,Male,Martinique,INTP
2666,ariana24,43,Male,Monaco,ISFJ
2667,johnsontammy,31,Female,Austria,ENFP
2668,eschaefer,17,Female,Mongolia,INFJ
2669,xcastaneda,33,Female,Cuba,ESTP
2670,rogerscarla,34,Other,Bermuda,ISFP
2671,andrea34,39,Female,Burkina Faso,ESFP
2672,andrewhanson,47,Female,Fiji,ESFJ
2673,smithlauren,46,Female,Micronesia,ISFP
2674,mcastro,30,Female,Comoros,ISTP
2675,hmiller,17,Female,Romania,ENTP
2676,ehart,26,Female,French Southern Territories,INTP
2677,anthony68,13,Male,Philippines,ENTJ
2678,cynthiapayne,45,Male,Jordan,INFP
2679,joshuabradley,18,Male,Grenada,INTP
2680,manncameron,34,Female,Panama,ENFJ
2681,bmoore,14,Male,Azerbaijan,ENTJ
2682,christopher80,44,Male,Equatorial Guinea,ISTP
2683,nicolemullen,44,Female,South Georgia and the South Sandwich Islands,ESTP
2684,imckee,37,Male,El Salvador,INFP
2685,martinezkim,45,Female,Northern Mariana Islands,ENTP
2686,nhill,23,Male,Georgia,ESTJ
2687,mark04,43,Female,Bangladesh,ISFJ
2688,weaverkatherine,30,Male,Tuvalu,ESTP
2689,vanessaburgess,45,Male,Gibraltar,ISFJ
2690,fhoward,15,Male,Romania,ESFP
2691,lrobinson,45,Female,Nauru,ENFP
2692,bjohnson,18,Male,Dominica,ENFP
2693,sharris,15,Male,Cook Islands,INFP
2694,moyergary,23,Female,Iraq,ISFJ
2695,hfuller,39,Female,Cuba,ISTJ
2696,adam95,15,Male,Cayman Islands,ESTJ
2697,robertrowland,35,Female,Northern Mariana Islands,ESFP
2698,qjones,48,Female,Comoros,ESFJ
2699,calvin25,42,Male,Belgium,ENTJ
2700,tracyfreeman,30,Female,Thailand,ISTJ
2701,joshua79,28,Male,Japan,ISTJ
2702,browncrystal,16,Male,Marshall Islands,ESFP
2703,matthewcruz,33,Female,Angola,ESTP
2704,castrotravis,33,Male,Saint Vincent and the Grenadines,INFJ
2705,miguel34,14,Female,Jamaica,ESFJ
2706,imartin,18,Female,Saudi Arabia,ENFJ
2707,brianacollins,40,Male,Liberia,ISFJ
2708,gferguson,47,Other,Serbia,ESFP
2709,xrobbins,35,Female,Libyan Arab Jamahiriya,INTP
2710,lbarker,13,Female,Taiwan,ISFJ
2711,hubermichelle,14,Male,Bangladesh,INTP
2712,gomezjoseph,24,Male,Chile,INTJ
2713,courtney78,39,Male,Antigua and Barbuda,INTJ
2714,samuelball,39,Female,Saint Barthelemy,INTP
2715,wellsrobert,28,Other,China,INTJ
2716,calexander,45,Male,Timor-Leste,ESFP
2717,eescobar,25,Female,Cambodia,ENFP
2718,georgehansen,17,Female,Reunion,ENTJ
2719,wwebb,27,Female,Korea,ESTJ
2720,erikadoyle,18,Male,Guatemala,ISFP
2721,jeffery35,29,Female,Western Sahara,ISTP
2722,nicholsontyler,23,Male,Malaysia,ISFP
2723,jessica58,22,Male,United Arab Emirates,ENTP
2724,plutz,16,Other,South Africa,INFJ
2725,henry65,32,Male,Korea,ENTP
2726,adrian03,36,Male,Dominica,INFP
2727,deleonsamantha,42,Male,Antigua and Barbuda,ENFP
2728,suarezdaniel,15,Female,Marshall Islands,ENTP
2729,gmullen,47,Female,Greece,ISTP
2730,melissa00,39,Female,Greece,INFP
2731,taylorholloway,26,Male,Malta,ENFJ
2732,hoganmark,17,Female,Zambia,ESTP
2733,colleenshepherd,15,Female,Argentina,ESTP
2734,gardnertracy,22,Male,Angola,ENFJ
2735,tjoseph,32,Female,Gibraltar,ISFP
2736,othomas,39,Male,Morocco,INTP
2737,cwinters,18,Male,Kazakhstan,ISTJ
2738,reedmatthew,22,Other,Mexico,ENTP
2739,cyoung,17,Male,Sri Lanka,ESFJ
2740,fcarey,27,Female,French Southern Territories,ENTJ
2741,davissandra,21,Male,Liberia,ENTJ
2742,catherinewatson,17,Male,South Africa,ISFP
2743,susan54,34,Female,Cyprus,ESTP
2744,jennasmith,46,Female,Honduras,ISFP
2745,curtis94,40,Other,Grenada,ISTP
2746,ryan09,42,Male,Austria,INFJ
2747,jcain,45,Female,Senegal,ISTP
2748,michelevincent,39,Male,Austria,INTJ
2749,michele17,47,Other,Australia,ESTP
2750,victor52,24,Male,Malaysia,ESTP
2751,parsonsmichael,27,Male,Cape Verde,ENFJ
2752,tonya69,46,Female,French Polynesia,INFP
2753,carterrachel,23,Female,Guadeloupe,ENFP
2754,ezimmerman,38,Female,Lesotho,ESFP
2755,novakjoshua,34,Male,Papua New Guinea,INFP
2756,jonesashley,17,Female,Portugal,ISTP
2757,mariavazquez,23,Male,Brazil,ESFJ
2758,joshua16,25,Female,French Guiana,ESTP
2759,jackson79,37,Female,Chad,ENTP
2760,kristinaclark,22,Other,New Zealand,ESFP
2761,yblair,46,Female,Netherlands,ENFP
2762,johnmendoza,13,Male,Cambodia,ENTJ
2763,jwallace,25,Female,Zimbabwe,ISFP
2764,fkaufman,41,Male,Sri Lanka,ESTJ
2765,deborahdavis,25,Female,Gibraltar,ESTJ
2766,amber36,28,Other,New Zealand,ISTJ
2767,johnwarren,31,Male,Nigeria,INTP
2768,joel43,33,Male,Australia,INTP
2769,mark39,46,Female,Uruguay,ISTP
2770,lrodriguez,35,Female,Bangladesh,ISTJ
2771,rterry,30,Other,Brunei Darussalam,INFP
2772,cfry,26,Male,Kyrgyz Republic,ESFJ
2773,ugraham,49,Female,Angola,ENTP
2774,garykrause,34,Female,Congo,INTP
2775,scott58,32,Male,Honduras,ESTP
2776,kristingrimes,39,Other,Nepal,ISFJ
2777,kimberlyellison,24,Male,Togo,ENFJ
2778,smithkelli,48,Female,Mexico,ENFP
2779,frankproctor,24,Female,Guatemala,ESFJ
2780,lewiscalvin,22,Female,Luxembourg,ESTP
2781,madeline15,39,Male,Guernsey,ENFJ
2782,kelseywells,33,Female,Guam,ESFP
2783,taylorjon,46,Other,Tuvalu,ESTP
2784,ericstevens,34,Other,South Africa,ENTP
2785,hperry,25,Male,Martinique,INFP
2786,bdean,22,Male,Kazakhstan,ESFJ
2787,brett03,41,Female,Cuba,INFP
2788,aaronhuerta,47,Female,Grenada,INFJ
2789,parkerbeth,21,Female,Iraq,ENFP
2790,brian09,45,Male,Pitcairn Islands,ESTJ
2791,lisasnyder,24,Male,Tonga,ENTJ
2792,ryan66,38,Male,Cyprus,INFJ
2793,hernandezmarisa,17,Male,Cape Verde,INFP
2794,katrina73,28,Female,Croatia,ENFJ
2795,grantsamantha,33,Other,Svalbard & Jan Mayen Islands,ESFP
2796,warrenjoshua,33,Female,Armenia,ESFP
2797,crystalingram,30,Female,Thailand,ISFP
2798,gerald82,38,Female,Bahrain,ISFJ
2799,warnertonya,18,Female,Western Sahara,INFJ
2800,ckline,43,Male,Vietnam,ESFP
2801,vanessahenry,33,Female,Malawi,ESTP
2802,rjones,13,Male,French Polynesia,ISTJ
2803,thomasnicholas,38,Female,Mayotte,ESFJ
2804,robert37,15,Male,Micronesia,ESTP
2805,vancejennifer,49,Other,Azerbaijan,ENFP
2806,fullerashley,14,Male,Botswana,ENTP
2807,bryantevan,30,Male,Oman,ESTP
2808,rhernandez,29,Female,Wallis and Futuna,INFJ
2809,pgarcia,37,Other,Ireland,ENFJ
2810,katelyncrawford,46,Male,Estonia,ENTJ
2811,woodwardlauren,38,Female,Ukraine,INTJ
2812,jerrywilson,20,Male,Benin,ISTP
2813,stephengilbert,21,Female,Cote d'Ivoire,ESFJ
2814,donnalopez,43,Other,Cambodia,ENFP
2815,john35,42,Female,Guam,ESTJ
2816,stephaniebowen,27,Male,Colombia,ISFP
2817,kristenwelch,16,Male,Trinidad and Tobago,INFJ
2818,mark48,19,Male,Hong Kong,ESTP
2819,nancysims,14,Female,Kiribati,INTP
2820,ldaniel,47,Female,Papua New Guinea,ISTP
2821,taylorrobin,19,Male,Qatar,ESFJ
2822,hernandezleonard,35,Female,Micronesia,INFJ
2823,steeleryan,45,Other,Hong Kong,ISTJ
2824,kimberly10,37,Female,Samoa,ESFJ
2825,david68,22,Male,Gambia,INFP
2826,patricia57,49,Other,Belize,INTP
2827,blopez,13,Female,Guatemala,ENTJ
2828,kelleydiana,35,Other,Tuvalu,INTP
2829,brianna29,38,Other,Northern Mariana Islands,INTP
2830,kmunoz,34,Male,Uruguay,INTP
2831,megan35,27,Other,United States of America,ISFJ
2832,abailey,46,Male,American Samoa,ENTJ
2833,qbruce,28,Female,Slovenia,ISFP
2834,carlosdominguez,47,Female,Sierra Leone,ISFP
2835,dlittle,22,Female,United States of America,ENTJ
2836,tracey50,29,Other,Indonesia,INTJ
2837,kristenrodgers,46,Male,South Africa,INFJ
2838,johnpeterson,34,Male,Bolivia,ENTJ
2839,taylor08,39,Male,Lesotho,INFJ
2840,kristysmith,36,Female,Yemen,ESTJ
2841,danielboyle,34,Male,Niue,ESTJ
2842,mark25,28,Female,Paraguay,ISTP
2843,francisgabriel,43,Male,Seychelles,ESTP
2844,cheryl34,47,Female,Switzerland,ENFP
2845,wilsonsteven,17,Male,Liberia,ISTP
2846,kingjessica,44,Other,Uzbekistan,INTJ
2847,caleb59,24,Female,Liechtenstein,ESTP
2848,duncanjeffrey,25,Female,Bahrain,ESTJ
2849,jonesmaurice,41,Male,Heard Island and McDonald Islands,INTJ
2850,pamela13,20,Female,Vanuatu,ENFP
2851,matthewgriffin,24,Female,Peru,ESFJ
2852,melendezalexander,42,Female,Chad,ENFJ
2853,mweber,35,Male,Djibouti,ENTP
2854,dvargas,30,Female,Guinea,ENFP
2855,xnewman,15,Male,Thailand,INTP
2856,wbaxter,45,Female,Albania,ISFJ
2857,alan61,27,Male,Australia,ISTJ
2858,dsanchez,28,Female,Kiribati,ENFJ
2859,dhowell,22,Male,Papua New Guinea,ENFJ
2860,bclark,43,Male,Philippines,ESTP
2861,pricejoanne,42,Other,Myanmar,INFP
2862,sheilanguyen,17,Male,Reunion,ESTJ
2863,mollyevans,40,Other,Qatar,ESFP
2864,wilkinsonsteve,31,Male,Antarctica (the territory South of 60 deg S),ISTP
2865,colemanwilliam,26,Male,Israel,INTJ
2866,cheyenne22,42,Female,Kazakhstan,INTP
2867,joyweber,26,Other,Slovakia (Slovak Republic),INFP
2868,phyllis16,14,Other,Niue,ENTP
2869,fbennett,36,Female,Qatar,ISTP
2870,perryapril,46,Male,Germany,INFJ
2871,kcunningham,45,Male,Iceland,ENTP
2872,moralesmichelle,39,Male,Kuwait,INTP
2873,clarkhannah,41,Female,Falkland Islands (Malvinas),ENFJ
2874,smithmichael,40,Other,Malawi,ISFJ
2875,swansonrebecca,28,Female,Saint Kitts and Nevis,ESFP
2876,allendouglas,44,Male,Slovakia (Slovak Republic),ESFJ
2877,ktapia,13,Other,Slovenia,ISTJ
2878,andrew23,31,Male,Antarctica (the territory South of 60 deg S),INTP
2879,gabriela81,17,Female,Niger,ISFJ
2880,mcdowellbenjamin,33,Male,Latvia,INTP
2881,taylorarthur,37,Other,Chile,INTP
2882,brownbrian,19,Male,Congo,ESTP
2883,gillespiedalton,39,Female,United States Virgin Islands,ENTJ
2884,erinnewman,35,Female,Saint Helena,ISTP
2885,nchavez,42,Male,Australia,INTP
2886,sullivanmary,37,Male,Finland,ENFP
2887,karendyer,16,Male,Saint Martin,ENTP
2888,linda28,19,Other,Netherlands,ENTJ
2889,gtaylor,14,Female,Macedonia,ISTJ
2890,samuel36,46,Male,Gambia,ESFP
2891,jamie63,29,Male,Trinidad and Tobago,ISFP
2892,robertsmith,19,Female,Isle of Man,INFJ
2893,tonyrodriguez,14,Other,Myanmar,ENTP
2894,sandy19,49,Male,Chad,INTJ
2895,bryanterry,49,Other,Israel,ENFP
2896,kaitlinrobinson,24,Female,Oman,ESTP
2897,moorejoseph,15,Male,Malta,INTJ
2898,destinyjones,33,Female,Liberia,ISTJ
2899,erinhall,38,Female,Spain,ISTJ
2900,dmiller,26,Female,Saudi Arabia,ESTJ
2901,mbennett,23,Female,Equatorial Guinea,ENTP
2902,gregory74,47,Female,Grenada,ESFJ
2903,allisonscott,45,Male,Cyprus,INFP
2904,vbryant,45,Male,Papua New Guinea,ENTP
2905,jordanlee,33,Other,India,ENTJ
2906,craiggilmore,32,Male,American Samoa,ISFP
2907,justinlyons,28,Female,Bolivia,ESFP
2908,gregorykatherine,42,Female,Zimbabwe,ESTP
2909,daviddean,19,Female,Haiti,ISTJ
2910,cboyle,33,Male,Yemen,INTJ
2911,kelly64,45,Male,Lesotho,ENFP
2912,andersonshane,30,Male,Oman,ESTP
2913,benjamin93,15,Male,Netherlands Antilles,INFJ
2914,delgadosandy,31,Male,Argentina,INFP
2915,maria15,36,Male,Cook Islands,ISTP
2916,joseph74,49,Male,Sierra Leone,ISFP
2917,barbarabarton,15,Male,Eritrea,ESFP
2918,npatrick,29,Female,Barbados,INFJ
2919,wmyers,39,Female,French Southern Territories,INFJ
2920,mcdanieljames,25,Male,Korea,ESTP
2921,xclark,38,Other,Peru,ESTP
2922,buchananmonica,24,Female,Malawi,ENTJ
2923,lisa60,44,Male,Brunei Darussalam,ESTP
2924,turnertim,45,Male,Uganda,INTP
2925,hlee,31,Male,Ukraine,ENFJ
2926,richardnewman,15,Female,Qatar,INTP
2927,melissafoster,35,Female,Cook Islands,INTP
2928,nathanschmidt,44,Female,Serbia,ISTP
2929,debra60,37,Male,Tajikistan,ISFJ
2930,kennedyjames,33,Male,Palestinian Territory,ENTP
2931,wellsjulie,32,Female,Reunion,ENFP
2932,cfranklin,38,Female,Libyan Arab Jamahiriya,ISFP
2933,joshua69,34,Male,Faroe Islands,ESTP
2934,robert95,49,Female,France,ENTJ
2935,karenjohnson,35,Female,Botswana,ISFJ
2936,mary90,26,Male,Cyprus,ISTP
2937,kayla07,47,Male,Mayotte,ESTP
2938,asmith,45,Male,Falkland Islands (Malvinas),ISTP
2939,stevenwalker,34,Female,Brunei Darussalam,INTP
2940,sanchezchelsea,41,Male,Guinea,INFP
2941,theresahudson,42,Female,Cocos (Keeling) Islands,ESTJ
2942,jamesreese,17,Female,Wallis and Futuna,ESFJ
2943,matthewball,16,Female,Vietnam,INTJ
2944,kevin58,25,Male,Sudan,ESTP
2945,erica79,40,Female,Korea,ESTJ
2946,morrowrussell,20,Female,Saint Pierre and Miquelon,ENFP
2947,brandon92,48,Female,Australia,ISFJ
2948,sararivera,21,Male,Nepal,ESFJ
2949,khuffman,41,Female,Guam,INFJ
2950,lisa55,39,Female,Northern Mariana Islands,ESFP
2951,nancytaylor,17,Female,Bouvet Island (Bouvetoya),ENTJ
2952,kathleenwalker,15,Male,Kyrgyz Republic,INFP
2953,velasquezalyssa,46,Female,Sudan,ESFP
2954,vfigueroa,42,Female,Anguilla,ISTP
2955,awhite,49,Female,Andorra,ENFJ
2956,lvillarreal,49,Female,Myanmar,ENTP
2957,ryan69,47,Other,Maldives,INTJ
2958,longjames,29,Male,Mali,ENTP
2959,rebeccabush,16,Female,Mozambique,INFJ
2960,yallen,22,Female,Jamaica,ESFP
2961,ianbean,18,Male,Argentina,ENTP
2962,jamesjackson,30,Male,Mauritius,ESFJ
2963,amoore,33,Female,India,ESFP
2964,sullivantiffany,28,Other,Eritrea,INTP
2965,ashley93,33,Female,Jordan,INFJ
2966,sandra97,40,Male,Sri Lanka,ESFJ
2967,ernesthodges,49,Male,Saint Pierre and Miquelon,ESTJ
2968,shannon06,22,Male,Guernsey,ENFP
2969,cherylbrewer,22,Female,Germany,ENFP
2970,qporter,34,Male,Antigua and Barbuda,ENFP
2971,andreajohnson,21,Female,Iraq,INFP
2972,jeremylandry,15,Other,Saint Helena,ISTP
2973,derrick31,35,Male,Germany,ISFJ
2974,robertspence,29,Female,Monaco,ISFP
2975,bwillis,13,Female,Cameroon,INTP
2976,elizabeth21,35,Female,Mali,INTP
2977,robinsonkayla,38,Male,Cambodia,ISTJ
2978,jordanjames,37,Male,Tuvalu,ESFJ
2979,edoyle,30,Female,Djibouti,ISTJ
2980,isutton,42,Female,Vietnam,INTJ
2981,harold28,29,Male,Portugal,ENFP
2982,ddiaz,15,Female,Slovenia,ENTP
2983,kristenbeck,36,Male,Seychelles,INFP
2984,dhawkins,28,Female,Switzerland,ENFP
2985,mark40,33,Male,Tunisia,INFJ
2986,venglish,24,Male,China,ISFJ
2987,amanda53,22,Female,Guinea-Bissau,ENFJ
2988,ztaylor,14,Other,Jordan,INTJ
2989,acook,41,Female,Heard Island and McDonald Islands,INFP
2990,wyatttrevor,37,Male,Namibia,INTJ
2991,dedwards,39,Male,Netherlands Antilles,ENFJ
2992,marilyn00,46,Male,Netherlands,ISFP
2993,butlerbryan,28,Male,Gabon,INFJ
2994,kenneth47,39,Female,Canada,INTJ
2995,michele57,33,Female,Serbia,ESTJ
2996,daniel16,28,Female,Cuba,ENFJ
2997,robinsonalison,33,Other,Spain,INTJ
2998,ballgregory,30,Male,Aruba,ENTJ
2999,barnettcharles,18,Male,Gabon,ESFJ
3000,wnguyen,21,Male,Guinea,ISTJ
3001,jmiller,23,Female,Mauritania,ISFP
3002,robertking,17,Female,Fiji,ESTJ
3003,erin37,36,Male,Netherlands Antilles,ENFJ
3004,sfrost,45,Male,Indonesia,INTP
3005,gloriaalvarez,44,Other,Poland,INFP
3006,christopher42,45,Male,Latvia,ISFJ
3007,matthew50,35,Male,Sao Tome and Principe,ENFP
3008,michaelsmith,31,Female,Nigeria,ISFJ
3009,aliciapatterson,19,Female,France,ENFP
3010,marksfrank,42,Female,Congo,ESFJ
3011,nthomas,35,Female,Guatemala,ENTJ
3012,joshua24,18,Female,Pitcairn Islands,ENTJ
3013,alexanderhiggins,39,Male,Northern Mariana Islands,ISTP
3014,jrandall,20,Female,Brazil,ENFP
3015,samantha87,22,Other,Zambia,ENFP
3016,youngjustin,17,Female,Ireland,ESFJ
3017,megan05,32,Female,Armenia,ESFJ
3018,fernandezerik,42,Female,Central African Republic,ENTJ
3019,david35,26,Female,Gambia,ISFJ
3020,crystalramos,37,Male,Saint Martin,ISTP
3021,contrerascraig,22,Male,Brazil,ISTP
3022,longhelen,20,Female,Taiwan,ISFP
3023,allison73,48,Female,Nicaragua,INTP
3024,downsashley,15,Female,Cocos (Keeling) Islands,INTP
3025,aaron98,30,Male,Nauru,INTJ
3026,alyssagreen,31,Male,Zambia,ISFJ
3027,ryan84,20,Female,Ukraine,ISFP
3028,staffordjordan,43,Female,Chad,INFJ
3029,amber64,20,Male,Benin,ENTJ
3030,hessdavid,39,Female,United States Virgin Islands,ENTJ
3031,randy69,28,Other,Barbados,ESTJ
3032,ocastillo,13,Female,Tajikistan,ESTP
3033,kathrynwalker,35,Male,China,ENTP
3034,oconnellmichael,31,Male,India,ISTJ
3035,harriscory,25,Male,Saint Kitts and Nevis,INFJ
3036,daniel74,22,Female,Saudi Arabia,INFP
3037,thomasjames,48,Male,Georgia,INFP
3038,rodneyknight,28,Male,Bulgaria,ENFP
3039,elizabeth16,41,Female,Guadeloupe,ENFP
3040,conneredward,19,Male,Uganda,INTP
3041,crystal14,15,Female,Holy See (Vatican City State),INFJ
3042,samanthamyers,48,Female,Barbados,ISTP
3043,mcphersonmichael,48,Other,Svalbard & Jan Mayen Islands,INTP
3044,hhogan,23,Female,Dominican Republic,ISFJ
3045,davismario,34,Male,Mozambique,INFJ
3046,debbie07,45,Female,San Marino,ESFJ
3047,estradajane,44,Male,Liechtenstein,INFJ
3048,alexsandoval,21,Male,Comoros,INFJ
3049,jeremyjackson,43,Female,Guinea-Bissau,ESTJ
3050,tiffanycruz,30,Male,Timor-Leste,ESTP
3051,jle,16,Male,Myanmar,ENFJ
3052,brettgomez,20,Male,Taiwan,ISFJ
3053,chasenicole,18,Female,Saint Helena,ESFJ
3054,jrichard,34,Female,China,ISFP
3055,michael00,22,Male,Bahamas,INTJ
3056,marytanner,13,Female,Turks and Caicos Islands,INFJ
3057,bryan16,24,Other,Lithuania,ESTP
3058,kerri93,42,Male,Benin,ESTJ
3059,shortmatthew,14,Female,Niger,ISFJ
3060,leelaura,48,Female,Seychelles,ENFP
3061,zacharyscott,33,Male,Uzbekistan,ESTJ
3062,wharris,15,Female,Azerbaijan,ISTJ
3063,troyclark,30,Female,Barbados,INTP
3064,brucealexander,42,Female,Nicaragua,ENTP
3065,paulhoward,13,Male,Heard Island and McDonald Islands,ISTJ
3066,amyallen,13,Female,United States Virgin Islands,ESFJ
3067,castroemily,42,Female,Anguilla,ENTP
3068,whitebianca,38,Male,Slovenia,ISTP
3069,aleon,18,Other,Netherlands Antilles,ESFJ
3070,samuelcook,41,Male,Jordan,ISFP
3071,stephensdana,47,Female,Myanmar,ENTP
3072,edward37,46,Male,Chile,ENTJ
3073,cjackson,23,Male,Guernsey,ISFP
3074,josephfloyd,45,Male,Afghanistan,ENTJ
3075,miacurry,35,Female,Falkland Islands (Malvinas),ESTP
3076,thomas17,15,Male,Christmas Island,ESFJ
3077,lclarke,46,Male,Sudan,ESTJ
3078,ugoodman,17,Female,Holy See (Vatican City State),ISFP
3079,uolson,34,Male,Sri Lanka,INFP
3080,barneskristina,24,Other,Western Sahara,ISTJ
3081,amystephens,44,Female,Ukraine,ENFJ
3082,qponce,48,Male,Mexico,INFP
3083,bergerkatherine,49,Other,Egypt,ENFJ
3084,tina39,42,Male,Czech Republic,INTJ
3085,wlewis,19,Male,Martinique,ESTJ
3086,sandra51,28,Female,Saint Kitts and Nevis,ENTP
3087,lisa05,48,Male,Monaco,INFJ
3088,dana99,37,Other,Wallis and Futuna,ISFP
3089,knewton,15,Female,Turkmenistan,INFJ
3090,lcraig,17,Female,Romania,INFP
3091,alexandra53,49,Male,Djibouti,ENTJ
3092,davidwilliams,22,Other,Niue,INFJ
3093,margaret04,19,Female,Hungary,ESTP
3094,caitlynbrowning,23,Female,Costa Rica,ESFJ
3095,scotthall,49,Female,Kazakhstan,INFJ
3096,daniel25,20,Male,Comoros,ENFP
3097,michealjohnson,31,Female,Reunion,ESTJ
3098,sarah45,15,Male,Aruba,ESTJ
3099,wilsoncassandra,34,Female,France,ESFP
3100,xhernandez,49,Female,Samoa,INFJ
3101,davidbaker,39,Female,Saint Pierre and Miquelon,ESFP
3102,hawkinsnicole,44,Male,South Africa,ISFJ
3103,dennis03,33,Male,Falkland Islands (Malvinas),INFJ
3104,randall69,23,Male,Denmark,ESFP
3105,christy81,32,Female,Uzbekistan,INTP
3106,erin16,33,Male,Uzbekistan,ESFJ
3107,wburnett,22,Female,Uruguay,INTJ
3108,btucker,30,Male,Antarctica (the territory South of 60 deg S),INTP
3109,ryan07,19,Other,Honduras,ISFJ
3110,darryl87,49,Female,Nigeria,ENTJ
3111,jperez,39,Female,Slovakia (Slovak Republic),ENTJ
3112,marcmurray,40,Male,Yemen,ESTJ
3113,elizabeth72,23,Other,Martinique,INTJ
3114,pdelgado,42,Female,Cape Verde,ENFP
3115,deborahgonzalez,47,Other,Malaysia,ISTJ
3116,jodi81,24,Female,Belize,ESTJ
3117,adam94,42,Female,Croatia,ENFP
3118,natashabrown,29,Female,Saint Martin,ISFJ
3119,ecross,29,Male,Lao People's Democratic Republic,ISFP
3120,belinda38,30,Other,Mongolia,ESTP
3121,michele43,14,Female,Netherlands,INFP
3122,karenhanson,16,Other,Martinique,INTP
3123,jordanashley,34,Female,Lesotho,ENFP
3124,melissasanders,20,Female,Slovakia (Slovak Republic),ISFP
3125,joseph16,20,Male,Tonga,ESFJ
3126,danielrodriguez,15,Female,Hong Kong,ESFJ
3127,wdavis,32,Male,Tonga,INTP
3128,jeffrey74,14,Male,Botswana,ENTJ
3129,angelareyes,37,Male,Dominican Republic,ISTJ
3130,hannahjames,27,Female,Christmas Island,ESTJ
3131,katherine13,18,Female,Pitcairn Islands,ENFP
3132,markhull,49,Male,Sao Tome and Principe,ESTP
3133,christopher16,23,Female,Japan,ENFJ
3134,ericsmith,32,Female,Bhutan,ENTJ
3135,kim45,21,Male,Holy See (Vatican City State),ISFJ
3136,xbartlett,28,Male,Guam,ESFJ
3137,schmittcasey,34,Male,Zimbabwe,ENTJ
3138,xjohnson,49,Female,Lithuania,ENTJ
3139,navarrowilliam,41,Female,Korea,INFJ
3140,juan59,42,Female,Cote d'Ivoire,ISTP
3141,smithshelly,13,Female,Andorra,INFP
3142,rebekahbrock,23,Male,Brazil,ESTJ
3143,blairjason,38,Female,Uruguay,INFP
3144,williamsharp,42,Male,Cook Islands,ISFJ
3145,patrick34,25,Male,Benin,ISTJ
3146,jasontyler,49,Female,India,ISTP
3147,lgarcia,16,Female,Guadeloupe,ENTP
3148,danielfloyd,25,Female,Chile,INTJ
3149,allison70,24,Male,Spain,ENTJ
3150,davidbaldwin,40,Male,Solomon Islands,INFP
3151,amy13,14,Other,Uzbekistan,ISTP
3152,millerwilliam,14,Female,Panama,ESFP
3153,ystephens,24,Female,Greenland,ESTJ
3154,reedjennifer,25,Male,Guatemala,ESTJ
3155,yfritz,45,Female,Lesotho,ISFJ
3156,cooperdavid,16,Female,Syrian Arab Republic,ENTP
3157,hurstbenjamin,27,Female,Nepal,ISTP
3158,fsmith,31,Male,Ethiopia,ISFJ
3159,olsenkaitlyn,33,Female,Turkey,ENTJ
3160,selliott,32,Female,Luxembourg,ENFJ
3161,cynthia45,18,Male,Yemen,INFJ
3162,stanley82,26,Female,Cameroon,ENTP
3163,ihess,21,Female,Papua New Guinea,ENTP
3164,hebertkayla,37,Female,Rwanda,ENFJ
3165,christopher84,34,Male,Ireland,ESFJ
3166,jasonmalone,34,Female,Netherlands Antilles,INTJ
3167,william16,42,Male,Liechtenstein,ENFJ
3168,orichmond,47,Male,Western Sahara,ESTJ
3169,davidrocha,29,Male,Indonesia,ESFJ
3170,alecgonzalez,46,Other,Tuvalu,ISTP
3171,brianna18,45,Male,Benin,ENFP
3172,wilsonmary,19,Female,Spain,ENFP
3173,jasongillespie,42,Female,Martinique,ESTJ
3174,jamesrobinson,23,Male,Greece,ESFJ
3175,jgardner,15,Male,Western Sahara,INTJ
3176,maryoliver,20,Female,Madagascar,ISFJ
3177,collierdana,14,Female,Belize,ISTP
3178,zmay,27,Female,Tajikistan,ESFJ
3179,jeromewaters,30,Other,Uzbekistan,ISTJ
3180,elizabethanderson,20,Male,China,ENFJ
3181,heather22,48,Female,El Salvador,ENFP
3182,heather54,21,Female,Macedonia,ENTJ
3183,pyates,48,Female,Burundi,ESFJ
3184,judy72,48,Male,Nauru,ENFP
3185,sara16,19,Female,Falkland Islands (Malvinas),ESFJ
3186,banksmatthew,17,Male,Ghana,ISTJ
3187,johnbryant,16,Male,Myanmar,ISFJ
3188,ashley94,37,Male,Kyrgyz Republic,INTJ
3189,kward,48,Female,Argentina,INFP
3190,gregory38,24,Female,Latvia,INTJ
3191,karencharles,27,Other,Tokelau,ENFP
3192,wjones,31,Female,Denmark,ISTP
3193,joshuashaw,23,Female,Spain,ESFJ
3194,bvelazquez,25,Female,Zambia,INTJ
3195,cruzrobert,23,Male,Lao People's Democratic Republic,ENFJ
3196,seanbrowning,22,Male,Zimbabwe,ENTP
3197,ydouglas,18,Male,Cote d'Ivoire,ENFJ
3198,liupatrick,23,Male,Tokelau,ENTP
3199,bryan37,45,Male,Antigua and Barbuda,ISFP
3200,willie36,28,Male,Tonga,ESFJ
3201,lsmith,48,Female,Macao,ENTJ
3202,denisehall,32,Female,Guam,INFP
3203,pmercer,23,Female,Bermuda,INFJ
3204,williamstaylor,45,Female,French Guiana,ENTP
3205,austinkenneth,48,Female,Montenegro,ISTJ
3206,jpowers,28,Female,Togo,ESFP
3207,upage,30,Male,Cocos (Keeling) Islands,ISTJ
3208,christian37,38,Male,Portugal,ENTP
3209,daniellove,36,Female,Bulgaria,INTP
3210,debraherman,24,Female,Christmas Island,ISFJ
3211,bennettelizabeth,41,Other,Argentina,ENTJ
3212,dklein,27,Other,Western Sahara,ENFJ
3213,christopher74,33,Female,Faroe Islands,INTJ
3214,gclark,14,Male,Montenegro,ESTP
3215,acostacody,38,Male,Jordan,ISFP
3216,ryananderson,22,Female,Faroe Islands,ENFP
3217,karenwilson,26,Male,Chad,ESTP
3218,davidrhodes,35,Female,Western Sahara,INTP
3219,ocoleman,43,Male,Jordan,ISTP
3220,uholt,26,Female,Macao,INTP
3221,tuckerchris,17,Female,Antarctica (the territory South of 60 deg S),ESFP
3222,alvaradoadrienne,29,Male,Togo,ESTJ
3223,egonzalez,41,Male,New Caledonia,INTJ
3224,tblanchard,46,Female,Pakistan,ENTP
3225,jason01,15,Male,Vanuatu,ENFP
3226,leachdaniel,19,Female,Mayotte,ESTP
3227,christinaayers,17,Female,Andorra,ENTP
3228,allison43,27,Female,Cook Islands,ENTP
3229,mark72,46,Other,Isle of Man,ISTJ
3230,johnbarker,21,Male,Taiwan,ESTJ
3231,katrina01,31,Male,Mauritania,INTJ
3232,charles73,45,Male,Slovenia,INTJ
3233,browndennis,23,Female,Greece,ISFP
3234,sarahwalter,41,Male,Antigua and Barbuda,INFP
3235,xwhite,37,Male,Finland,ESFJ
3236,christinearias,16,Female,Uzbekistan,ESTP
3237,kevinallen,43,Other,Solomon Islands,ESTP
3238,lisapatton,27,Female,France,ISFJ
3239,justin12,38,Male,Russian Federation,ISTJ
3240,wwright,15,Female,Somalia,ISFJ
3241,gonzalezshannon,14,Male,Saint Barthelemy,ESTJ
3242,adamspence,20,Male,Myanmar,ESTJ
3243,hjones,41,Other,Latvia,ESTP
3244,tnguyen,40,Male,Papua New Guinea,INFJ
3245,joneslauren,18,Female,Germany,ENFP
3246,thomas12,14,Male,Uruguay,INTJ
3247,robertlopez,46,Other,Comoros,INTJ
3248,brianjenkins,49,Female,China,ISTP
3249,anthony02,40,Male,United States of America,ESFJ
3250,crystal93,14,Female,Cambodia,ENFJ
3251,jenkinsjustin,17,Female,Macedonia,ENFP
3252,chasejames,32,Male,United States Virgin Islands,ESFP
3253,markrichmond,36,Female,Tunisia,ISTJ
3254,joseph20,48,Male,Argentina,INTJ
3255,gonzalesmichael,24,Male,Senegal,ISTJ
3256,crodriguez,27,Female,Christmas Island,ENTP
3257,mjohnson,41,Male,Tanzania,ISFP
3258,nataliebrown,39,Male,Saint Pierre and Miquelon,ESTP
3259,perkinsellen,38,Female,Papua New Guinea,ENTJ
3260,walkerjeffrey,20,Male,El Salvador,ENFJ
3261,zrichardson,26,Female,Chile,ENFP
3262,qthomas,28,Female,Ireland,ISTJ
3263,joshuadavis,43,Female,Montenegro,ENTP
3264,tracyflores,49,Male,United States Minor Outlying Islands,ISFP
3265,orrjoshua,33,Female,Falkland Islands (Malvinas),ESTP
3266,johnsonisabella,28,Female,Ghana,INTJ
3267,ramireztammy,33,Male,Togo,ESTP
3268,lauren02,30,Female,Bolivia,ESTJ
3269,harriskathy,24,Female,Myanmar,INFP
3270,howardanthony,49,Female,Puerto Rico,ENTJ
3271,jmcclain,45,Female,French Polynesia,ENTP
3272,rogermatthews,32,Other,El Salvador,ISFP
3273,debbiedalton,27,Male,Saint Helena,ESFJ
3274,aimee53,16,Male,Madagascar,ENTP
3275,stephenedwards,43,Male,Uzbekistan,ENTP
3276,whitemichael,38,Female,Zambia,ESFP
3277,robert31,30,Female,Madagascar,ESFJ
3278,hintonandrew,19,Male,Czech Republic,ISTJ
3279,carmenfoster,16,Female,Saint Barthelemy,INFP
3280,holiver,34,Male,Anguilla,ESTJ
3281,justin30,26,Female,Namibia,INTJ
3282,adamferguson,34,Male,Syrian Arab Republic,ESFJ
3283,pbarker,28,Male,Jersey,INTP
3284,robert00,30,Male,Sao Tome and Principe,ESTJ
3285,marienguyen,19,Female,Lesotho,ISFP
3286,jamesstewart,48,Male,Guinea-Bissau,ENTP
3287,ycampbell,44,Female,Svalbard & Jan Mayen Islands,INTP
3288,zclements,46,Female,Kyrgyz Republic,INFP
3289,sean83,29,Other,Mali,ENFJ
3290,brianparker,16,Female,Jordan,ISFJ
3291,tlogan,14,Female,Christmas Island,ESFJ
3292,wheelerjason,23,Female,Wallis and Futuna,ISFJ
3293,jesse56,44,Male,Ethiopia,INTJ
3294,sbarnes,15,Male,Saint Martin,ENTP
3295,ashleyfry,42,Female,Malaysia,ESTJ
3296,christina16,47,Male,Sudan,INTJ
3297,omckinney,17,Male,Finland,ISTJ
3298,ryanjackson,49,Male,San Marino,ISFJ
3299,james28,20,Male,Liberia,ENTP
3300,daniellejackson,35,Female,Latvia,ISTP
3301,frankkoch,14,Female,French Polynesia,ESFP
3302,kevingonzalez,26,Male,Norfolk Island,INTJ
3303,melissa71,35,Female,Panama,ENFJ
3304,bryce05,26,Female,Cayman Islands,INFJ
3305,frankerin,45,Male,Northern Mariana Islands,INFJ
3306,patricksmith,44,Female,Jordan,ISTJ
3307,vhernandez,49,Other,Singapore,ESFP
3308,lindsay25,34,Female,Australia,ENTP
3309,jbrady,43,Female,New Caledonia,ESFP
3310,ian07,37,Female,Marshall Islands,ESFP
3311,ronaldpalmer,41,Male,Christmas Island,INTJ
3312,bbishop,15,Male,Malaysia,ESFP
3313,scott26,15,Female,El Salvador,ESTJ
3314,kmann,42,Female,Tuvalu,INFP
3315,kellyharvey,45,Female,Ukraine,ENFP
3316,rodriguezrobert,34,Male,Nigeria,ENFP
3317,greenjustin,14,Female,Malawi,ISTP
3318,daniellemiller,22,Male,Bulgaria,ESTP
3319,stacey11,44,Female,France,ENTP
3320,rebekah51,49,Male,Central African Republic,ESFP
3321,angela29,16,Male,Guinea,ISTJ
3322,kjackson,46,Male,Iran,ISFP
3323,julie89,24,Male,Bermuda,ISTJ
3324,turnerdenise,49,Female,New Zealand,INTJ
3325,vernonali,42,Other,Suriname,ISFP
3326,hdiaz,25,Other,Timor-Leste,ENFJ
3327,ldavis,13,Male,Andorra,INTJ
3328,john56,36,Female,Nicaragua,ISFP
3329,fromero,25,Male,British Virgin Islands,ISFP
3330,thomas40,19,Male,Czech Republic,INTP
3331,chavezevelyn,16,Female,Morocco,ISFP
3332,leroy57,22,Female,Vietnam,ISFJ
3333,brianajohnson,44,Female,Malawi,INTJ
3334,jpatrick,31,Female,Taiwan,INFP
3335,zgonzales,32,Male,South Africa,ENTJ
3336,abigail03,28,Female,Panama,INTJ
3337,walter02,49,Female,Cocos (Keeling) Islands,ESTJ
3338,uhaney,32,Female,Pitcairn Islands,ESFP
3339,bonnie27,29,Female,Greece,ENFP
3340,castrorachel,16,Male,Niger,ENFP
3341,richardolsen,44,Male,New Zealand,INFP
3342,reynoldskirsten,13,Male,Belarus,ESFJ
3343,elizabethcohen,35,Female,Eritrea,ESFJ
3344,rebeccacarter,43,Female,Jersey,ENFP
3345,elizabeththomas,31,Male,Mozambique,INFJ
3346,joseph57,48,Female,Madagascar,ENTJ
3347,medinajesse,19,Female,Botswana,ISTJ
3348,djones,44,Female,Jersey,ESTJ
3349,xroman,15,Male,Afghanistan,ENTJ
3350,nicholaswilliams,21,Male,Trinidad and Tobago,ISTJ
3351,tmiller,15,Male,Serbia,INTJ
3352,vstone,47,Female,Congo,INFP
3353,tiffanywagner,19,Other,British Virgin Islands,ESFP
3354,coffeyeric,42,Female,Guinea,ISFJ
3355,nramirez,23,Female,Solomon Islands,ISFP
3356,jessica73,31,Female,Seychelles,ESTP
3357,dwilliams,34,Other,India,ENTP
3358,andrewlane,15,Female,Iraq,ENFJ
3359,montgomerybrent,39,Female,Luxembourg,INTJ
3360,jennifer11,23,Female,Cambodia,INFP
3361,ericmartin,46,Male,Slovenia,ENTJ
3362,dennis57,44,Female,Tanzania,ESFP
3363,lopezanita,47,Male,China,INFP
3364,vramirez,16,Male,Turkey,ESTJ
3365,carol53,16,Male,French Guiana,INFP
3366,lisa92,43,Male,Falkland Islands (Malvinas),ESTP
3367,florescheyenne,29,Male,Cook Islands,ENFJ
3368,kpowers,41,Male,Greenland,ENFP
3369,nathaniel23,42,Other,Chile,INTJ
3370,mooreluis,38,Female,Monaco,ENFJ
3371,nguyenkaren,15,Female,Poland,ISFP
3372,mary27,19,Female,Italy,ENTJ
3373,omartinez,23,Male,Trinidad and Tobago,ENFJ
3374,janice30,48,Female,Cook Islands,ESFJ
3375,coloneric,15,Male,South Africa,ENTJ
3376,gward,46,Female,Lebanon,INFJ
3377,ericksonerin,17,Female,Bolivia,ISFJ
3378,josephrobinson,15,Male,Morocco,ESFJ
3379,andrewortiz,15,Female,Mayotte,INFP
3380,nataliedunn,38,Male,Tunisia,ENFJ
3381,garciacarla,37,Male,Madagascar,ISFP
3382,rsmith,37,Other,Tunisia,ENTJ
3383,jeffrey32,27,Female,El Salvador,ESFJ
3384,ncoleman,27,Female,Antigua and Barbuda,ISFP
3385,pryan,16,Male,Jersey,ISFJ
3386,rogerwarner,33,Other,American Samoa,ESTJ
3387,sking,42,Female,Cook Islands,ESTJ
3388,sanchezjillian,40,Female,Bangladesh,ENFP
3389,sarahbaker,25,Female,Holy See (Vatican City State),ENTJ
3390,yolanda99,36,Male,Egypt,ENTJ
3391,russodebra,16,Female,Slovenia,ESFJ
3392,hendrixcassandra,20,Male,Morocco,ESTJ
3393,judy69,28,Female,Togo,ISTP
3394,jacquelinelyons,18,Male,Nigeria,ISTJ
3395,angelaboone,22,Female,Saint Martin,INFJ
3396,velezsara,48,Male,Montserrat,INFJ
3397,xgentry,23,Male,Guernsey,ENFP
3398,anthonyyork,23,Female,Vietnam,ISFP
3399,carrollmelanie,19,Female,Estonia,ESTJ
3400,heather51,28,Female,Ecuador,ENTP
3401,christina26,43,Male,Ecuador,ENTJ
3402,smithbrandon,43,Other,Mauritania,ISTJ
3403,james09,19,Female,San Marino,ISFP
3404,christy38,36,Female,Congo,ISFJ
3405,anthonymiller,23,Male,Malaysia,INFJ
3406,bethwilliams,28,Female,Indonesia,INFP
3407,victoria41,48,Female,Ireland,ENFP
3408,karenrogers,42,Female,Tuvalu,ISFP
3409,jodiharvey,23,Male,Cook Islands,INFP
3410,vvillarreal,27,Male,Cameroon,INTP
3411,miketodd,14,Male,Uganda,ENTP
3412,sandersjacob,18,Male,Togo,INFP
3413,ygreen,40,Female,Dominica,ESTP
3414,yaguilar,39,Female,Libyan Arab Jamahiriya,ENTJ
3415,browncolleen,35,Female,Ecuador,ISTJ
3416,bauercharlene,40,Male,China,ISTP
3417,shart,24,Other,Guinea-Bissau,INFP
3418,tyler28,17,Female,Pakistan,INTP
3419,leslie37,13,Other,Congo,ESTJ
3420,jadegarcia,22,Male,Somalia,ESTP
3421,vmora,38,Female,American Samoa,ESFJ
3422,yhorn,30,Male,Falkland Islands (Malvinas),ISFP
3423,sherylwilliams,27,Male,Finland,ENTP
3424,johnsonkimberly,29,Other,Pakistan,INTJ
3425,triciamoreno,42,Male,Austria,ISTJ
3426,marcwilliams,33,Female,France,INTP
3427,tturner,13,Other,Canada,INTJ
3428,timothysanders,39,Male,Cote d'Ivoire,ENFP
3429,amberfloyd,39,Male,Serbia,ESFP
3430,mannashley,28,Male,Japan,INFP
3431,dbartlett,42,Male,United States Virgin Islands,ISFP
3432,derrickanderson,28,Male,Liechtenstein,ENTJ
3433,dmullins,40,Male,Liechtenstein,ISTJ
3434,victoria57,23,Female,Myanmar,INTJ
3435,ephillips,49,Male,Albania,ENTP
3436,john91,46,Male,Canada,INFJ
3437,williamsjohn,26,Female,Guatemala,INFP
3438,twilliams,22,Male,Belarus,ESTJ
3439,lcrawford,14,Male,Lebanon,INTP
3440,bewing,15,Male,Azerbaijan,ESTP
3441,wileytina,20,Male,Paraguay,INTJ
3442,shannon77,48,Male,Togo,ISFP
3443,tracy13,17,Male,Reunion,INFP
3444,carol33,21,Female,Liberia,ENFJ
3445,gordonkayla,44,Female,Czech Republic,ISFJ
3446,wsimpson,30,Female,Pitcairn Islands,INTJ
3447,gmiller,43,Male,Zimbabwe,INTP
3448,laceygonzalez,42,Female,Guernsey,ENFJ
3449,cassandralara,43,Male,Guernsey,INFJ
3450,jessicahall,39,Female,Chile,ISFP
3451,millerdonald,40,Male,Croatia,ISFJ
3452,dcarter,16,Female,Belarus,ISTP
3453,brianmartin,33,Male,French Polynesia,ESTP
3454,myersmichael,19,Male,Kyrgyz Republic,ENTP
3455,cmiller,15,Female,Libyan Arab Jamahiriya,ESFP
3456,hunterpark,38,Female,Chile,ESTP
3457,meganadams,26,Female,Martinique,ISFJ
3458,paige32,48,Male,Paraguay,ISFP
3459,adriana50,46,Female,Guam,ESTP
3460,cynthia18,45,Female,Chile,INTP
3461,ialvarez,14,Male,Serbia,ESTJ
3462,alan91,25,Female,Angola,ENFJ
3463,melissa87,49,Male,Reunion,ISFP
3464,tanner32,48,Female,Brazil,INFJ
3465,amy61,29,Female,Jordan,ESTJ
3466,melanie11,27,Male,British Indian Ocean Territory (Chagos Archipelago),ISFP
3467,jessica39,35,Female,Guernsey,ESFP
3468,nicolewoods,24,Other,Maldives,ENTP
3469,william42,21,Male,Mayotte,ENTJ
3470,stacy98,13,Female,Bhutan,INFJ
3471,rjones,17,Female,Sudan,ISFJ
3472,andrew44,14,Male,Niue,ENFP
3473,qgraham,28,Male,Uganda,ISTJ
3474,nelsontimothy,42,Other,Kenya,INTJ
3475,mjones,38,Other,Zambia,ESFP
3476,dbell,49,Other,Benin,ENTJ
3477,marklarson,18,Female,Cook Islands,ISFJ
3478,emontes,14,Male,Ireland,ISTP
3479,phillipspaul,17,Female,Kiribati,ISFP
3480,shelby77,29,Male,United States Virgin Islands,ENTP
3481,vincentbaker,25,Female,South Georgia and the South Sandwich Islands,INTJ
3482,cmartin,37,Male,French Polynesia,ESFJ
3483,elizabethharris,17,Male,Portugal,INFP
3484,joshua38,27,Male,United States Minor Outlying Islands,ENFP
3485,austinduran,32,Other,Australia,ESFJ
3486,derrickcoleman,47,Male,Myanmar,INFP
3487,jonathan90,26,Female,India,ENFJ
3488,greergary,44,Male,Korea,ISFP
3489,tony84,47,Male,Vanuatu,INTJ
3490,jcarr,25,Male,Guatemala,ENTP
3491,jasonpruitt,41,Male,Ireland,ISTP
3492,karen90,24,Male,Zimbabwe,ISFJ
3493,sknight,38,Male,Saint Kitts and Nevis,ISFJ
3494,fisheradriana,18,Other,Jersey,ISTJ
3495,ssanders,26,Female,Tanzania,ESFJ
3496,mark82,15,Male,Serbia,ENFJ
3497,mcphersontimothy,14,Female,Guinea-Bissau,ESTJ
3498,villajoseph,15,Female,Fiji,INFJ
3499,brandon44,49,Male,Samoa,ISTP
3500,michael29,17,Female,Serbia,ISTJ
3501,adamwebb,25,Female,Liechtenstein,INTJ
3502,ijones,49,Male,Cocos (Keeling) Islands,ESFJ
3503,qcallahan,36,Male,Botswana,ESFP
3504,kevinmay,33,Female,Ecuador,INFP
3505,vaughntoni,27,Male,Haiti,INTP
3506,fcoffey,14,Male,Lao People's Democratic Republic,INTP
3507,walshdaniel,25,Female,Wallis and Futuna,ESTJ
3508,darrylcastaneda,31,Female,Djibouti,INFP
3509,robertsjill,14,Male,Netherlands Antilles,ESFJ
3510,zmiles,29,Male,Tajikistan,ESFJ
3511,medinajennifer,13,Female,Italy,ESFP
3512,pauldavis,34,Male,South Georgia and the South Sandwich Islands,ESFJ
3513,ericperry,22,Male,Zimbabwe,INTP
3514,pwilliams,47,Male,Saudi Arabia,ENFP
3515,birdkevin,46,Male,Seychelles,INFJ
3516,danielle08,38,Female,Mexico,ISFJ
3517,shawnlane,29,Female,American Samoa,ENTP
3518,cranealexander,27,Other,Anguilla,ISTP
3519,harrisrobert,23,Male,Cook Islands,ISTP
3520,leonsydney,44,Female,Cocos (Keeling) Islands,ESFP
3521,brooksjamie,28,Male,Morocco,ISFP
3522,bowmananthony,43,Female,Anguilla,INFJ
3523,natalie26,37,Female,Bermuda,INFJ
3524,rwebster,45,Female,Saudi Arabia,INTJ
3525,christopher38,44,Male,Brazil,INTP
3526,katie15,39,Female,El Salvador,INFJ
3527,christinebaldwin,38,Female,Syrian Arab Republic,INTP
3528,kerickson,31,Male,Norway,ISTP
3529,nathan74,34,Male,Austria,INFJ
3530,howens,36,Male,Austria,ENTP
3531,lauriewilson,45,Female,Seychelles,ENFJ
3532,laurakidd,16,Male,Sweden,ESTJ
3533,allendonald,15,Other,Ghana,ISTP
3534,ryanpatrick,39,Other,Saint Barthelemy,ENFP
3535,bgray,47,Female,Ecuador,ISTP
3536,dennisvictoria,23,Female,Svalbard & Jan Mayen Islands,ESFP
3537,suerichard,36,Other,Moldova,ESTJ
3538,caitlin17,40,Male,Aruba,ISFJ
3539,morrisethan,49,Female,Nepal,ENFP
3540,james00,13,Other,Korea,ENFJ
3541,cramirez,27,Male,Lao People's Democratic Republic,ISFJ
3542,christinamiller,38,Male,Belarus,ESTJ
3543,gmorgan,16,Male,Malawi,INTP
3544,andersonstephanie,39,Male,Cayman Islands,ESTJ
3545,john15,49,Female,Sweden,ESFJ
3546,floresjoseph,17,Other,Kazakhstan,ISFP
3547,michaelscott,28,Female,Angola,ESTP
3548,swhite,35,Female,China,ENFP
3549,oschneider,46,Male,Austria,ENTP
3550,sharon48,29,Male,Estonia,ENTP
3551,njacobson,31,Male,Bosnia and Herzegovina,ISTJ
3552,laurajones,35,Male,Guernsey,ENTJ
3553,nmiller,46,Female,Mali,ENFP
3554,watersdavid,25,Female,Russian Federation,INTP
3555,wsullivan,38,Other,Saint Lucia,ESTP
3556,rherrera,39,Male,Lebanon,ENTJ
3557,patriciapeters,30,Male,Eritrea,ENTP
3558,uanderson,14,Female,Netherlands,ESFP
3559,joshua68,43,Female,Zimbabwe,ENFJ
3560,phamraymond,35,Female,Norway,ISTP
3561,mariawilson,16,Male,Central African Republic,ESFP
3562,gguerrero,27,Female,Samoa,ENTJ
3563,uramos,40,Female,China,ISTJ
3564,brewercraig,49,Female,Botswana,ISFJ
3565,meredithandersen,16,Female,Lao People's Democratic Republic,INTJ
3566,bartlettkathleen,42,Female,Thailand,ENFP
3567,fisherstephen,21,Female,Finland,ESTP
3568,tiffany09,34,Male,French Polynesia,ISTP
3569,dennisreeves,43,Male,Greenland,INFP
3570,omccarty,18,Female,American Samoa,ESFP
3571,matthew16,15,Male,Nigeria,ESTJ
3572,gabrielgilbert,40,Male,Latvia,ENTJ
3573,alyssarobinson,13,Female,Algeria,INTJ
3574,melvin74,38,Female,Myanmar,ISTJ
3575,zcurtis,28,Female,Azerbaijan,ENFJ
3576,alison07,18,Female,Australia,ESFJ
3577,hlewis,18,Male,Guadeloupe,ESTP
3578,wmitchell,34,Other,Lao People's Democratic Republic,INTJ
3579,martinjerry,26,Female,Seychelles,ESFJ
3580,patricia62,37,Male,Haiti,ISTP
3581,nwhitaker,45,Female,Vietnam,INFP
3582,shelia36,32,Other,Micronesia,ENFJ
3583,chad97,20,Female,Guatemala,INTP
3584,andradericky,38,Male,Uzbekistan,INTJ
3585,brandisantiago,43,Male,Montserrat,ESFJ
3586,tcastillo,25,Female,Guinea,ENFJ
3587,townsendtasha,25,Female,Greece,ESTJ
3588,john64,45,Male,New Zealand,ENFJ
3589,zburnett,26,Other,United States Virgin Islands,ESTP
3590,gclark,33,Other,Sierra Leone,ESTJ
3591,nstewart,24,Female,Botswana,INTJ
3592,dianegallagher,34,Other,South Georgia and the South Sandwich Islands,ESFJ
3593,milleramy,32,Male,Saint Vincent and the Grenadines,ESFJ
3594,walshwhitney,31,Female,Bulgaria,ESTP
3595,james04,23,Male,Sierra Leone,INTJ
3596,johnsonbriana,18,Male,Tunisia,ENTJ
3597,jennawright,48,Male,Guatemala,ENTJ
3598,autumn88,28,Male,Brunei Darussalam,ENFP
3599,collinsivan,20,Male,Hungary,INFP
3600,brenda73,26,Female,Albania,ESTP
3601,carla31,16,Male,Kenya,ESFJ
3602,hlivingston,41,Female,Belize,ESFP
3603,lindsey44,42,Female,Seychelles,INFJ
3604,angelawilliams,30,Other,Namibia,ESTP
3605,randall14,35,Male,Chile,ISTJ
3606,nicole53,37,Female,Bhutan,INTJ
3607,nnguyen,43,Male,Equatorial Guinea,ISTP
3608,aaronholt,13,Male,Morocco,INFP
3609,ywilliams,28,Female,Malawi,ESTJ
3610,owenselizabeth,47,Female,Korea,ESFJ
3611,mendezthomas,19,Other,Ecuador,ESTJ
3612,ithompson,40,Male,Guam,INTP
3613,brichardson,39,Female,Jordan,ESTJ
3614,slopez,28,Female,New Caledonia,INTP
3615,aflores,21,Female,Mexico,ESTJ
3616,mitchell25,40,Female,New Zealand,ENFP
3617,michael33,41,Male,Nauru,INFP
3618,amanda51,26,Female,Costa Rica,ENTP
3619,kristen81,17,Male,Ecuador,ISFJ
3620,jeantaylor,28,Female,Macedonia,ESFP
3621,pamelafrank,46,Male,Indonesia,ENFJ
3622,tuckererin,40,Female,Norway,ENTJ
3623,mariethompson,26,Male,Vietnam,INTJ
3624,wolfaaron,16,Female,Czech Republic,ESTJ
3625,dickersonkaren,23,Male,Estonia,ISTP
3626,lwalker,16,Female,Lesotho,ESTJ
3627,roberthopkins,40,Male,Armenia,ISTJ
3628,jonathan24,28,Female,Sierra Leone,ENTJ
3629,tpeck,34,Male,Nicaragua,ISFP
3630,nmoore,36,Other,Hong Kong,ISFJ
3631,gomezsheryl,36,Male,Mexico,ESFJ
3632,gbennett,13,Male,Latvia,ENTJ
3633,sheltonlinda,27,Female,Portugal,ISFJ
3634,nicholas15,29,Female,Iran,INFJ
3635,diane04,30,Male,Namibia,ESFJ
3636,romeroshane,22,Other,Qatar,ISFJ
3637,jeffrey42,13,Male,Taiwan,ENTP
3638,davisbrittany,23,Male,Liberia,ISTP
3639,leedaniel,31,Female,Australia,ENFJ
3640,louis63,20,Male,Cote d'Ivoire,ENTP
3641,reedronald,17,Male,Bosnia and Herzegovina,ENFP
3642,calebgarner,22,Other,Kyrgyz Republic,ESTP
3643,alexorozco,24,Male,Brazil,INFP
3644,higginsrachel,14,Male,Macedonia,ISFP
3645,edwardbernard,30,Male,Iceland,ENTJ
3646,terrystephanie,21,Male,Lesotho,INFJ
3647,crystal52,31,Female,Sao Tome and Principe,ENFJ
3648,hannahsmith,13,Male,Namibia,INFP
3649,goodjanet,46,Female,Guernsey,ESTJ
3650,thompsonmichael,31,Female,Guyana,ESFJ
3651,mathisemily,44,Female,Iceland,INFP
3652,gpowers,41,Male,Finland,ESFJ
3653,teresa66,45,Other,Micronesia,ISFJ
3654,virwin,48,Male,San Marino,ENFJ
3655,dawn72,16,Male,Thailand,ESFP
3656,susan38,44,Female,New Zealand,ENFP
3657,olivia85,14,Female,Cocos (Keeling) Islands,ENTJ
3658,rvelasquez,35,Male,Yemen,INFP
3659,ddennis,33,Male,Venezuela,ESTJ
3660,cellis,29,Female,Falkland Islands (Malvinas),INFJ
3661,toddgrant,20,Female,Nauru,INTP
3662,ulane,42,Male,Burundi,ENTJ
3663,ellistony,15,Male,Denmark,ISTP
3664,sophia54,44,Female,United Arab Emirates,ISFJ
3665,kiara39,35,Female,Yemen,ENFJ
3666,anna16,23,Female,Nauru,ISTJ
3667,kathryn44,34,Female,Indonesia,ISFJ
3668,geoffrey84,42,Female,Iceland,INTP
3669,benjamin33,37,Female,New Zealand,ISTJ
3670,mistylopez,15,Male,Trinidad and Tobago,ENTP
3671,michaelkramer,22,Female,Turkey,ISFP
3672,maryblanchard,32,Male,Tajikistan,ENFJ
3673,xjones,21,Female,Cote d'Ivoire,ENFJ
3674,megan79,38,Male,Cocos (Keeling) Islands,ESTP
3675,walkerpaul,25,Female,Seychelles,ESFJ
3676,mbanks,42,Male,Dominican Republic,ESTJ
3677,upatrick,34,Other,Botswana,INFJ
3678,riveramark,37,Female,Myanmar,INFJ
3679,zschultz,34,Male,Kiribati,ISFJ
3680,hvang,23,Male,Niger,ENFJ
3681,burgessashley,30,Female,Mali,ESTJ
3682,cynthia25,15,Male,French Southern Territories,ENTJ
3683,kballard,30,Female,Cocos (Keeling) Islands,ESTP
3684,antoniochristian,18,Female,Antarctica (the territory South of 60 deg S),ENFP
3685,simmonschristopher,45,Female,Norway,ISFP
3686,susan23,45,Other,Tonga,ENFP
3687,stewartedward,34,Female,Guam,ESTP
3688,jenniferhenry,32,Male,Egypt,ENTJ
3689,zsexton,27,Female,Georgia,ISFJ
3690,christopher04,16,Female,Luxembourg,ISFJ
3691,henry91,14,Other,Andorra,ISTJ
3692,shayes,14,Male,Mexico,ENTP
3693,heather58,45,Male,United Arab Emirates,ESTJ
3694,qbarnes,13,Male,Slovenia,INFJ
3695,lanediana,18,Female,Uruguay,ISFP
3696,shannoncolon,23,Female,Congo,ENTJ
3697,montoyamichelle,29,Male,Saint Helena,INTJ
3698,bradley49,35,Female,Argentina,ISTJ
3699,alexander75,24,Female,Samoa,INFJ
3700,rodriguezjohn,22,Male,France,ESFP
3701,davidcampbell,36,Male,Finland,ISTJ
3702,zdickerson,34,Male,Hong Kong,ISFJ
3703,joannduran,23,Male,Tunisia,ESTP
3704,timothy70,44,Male,Sri Lanka,ENFP
3705,ashlee10,16,Other,Macedonia,INTJ
3706,ashleyscott,31,Male,Liberia,ENFP
3707,crystal55,17,Female,Belgium,INTP
3708,madison24,37,Male,Korea,ISFP
3709,blee,47,Male,Thailand,ESFJ
3710,michaelhall,33,Female,Guinea,ENFP
3711,zstone,36,Male,Estonia,ENTJ
3712,spatel,13,Other,Gambia,INTP
3713,austinsmith,41,Female,Uzbekistan,INFJ
3714,frankgraves,37,Male,Dominica,ESTP
3715,doyletonya,32,Male,Christmas Island,ENTJ
3716,hernandezjeffrey,32,Female,Mayotte,ENFJ
3717,hcoleman,47,Male,Jersey,ISFJ
3718,baileyrichard,21,Male,Turkmenistan,ISFP
3719,brianle,20,Male,Andorra,INTP
3720,brandonfoster,17,Other,Cook Islands,ISFJ
3721,clarkedward,21,Male,Niger,ENFJ
3722,egriffin,47,Female,Honduras,INFP
3723,dorothy65,17,Other,Bolivia,ENFJ
3724,ajames,20,Female,Denmark,INFJ
3725,james71,47,Female,Colombia,ISFP
3726,nbyrd,30,Male,Ireland,ENFJ
3727,robertpearson,20,Female,Lao People's Democratic Republic,ENFJ
3728,frankanderson,29,Female,Andorra,ESTJ
3729,katrinacox,30,Female,Myanmar,ENFP
3730,zacharyclark,19,Female,Hungary,ESFJ
3731,xparrish,49,Male,Ukraine,INTJ
3732,adavis,41,Male,France,ESFJ
3733,dhiggins,28,Male,Maldives,ESTJ
3734,amy21,33,Female,Central African Republic,INFJ
3735,cherylaustin,44,Male,Ireland,INTJ
3736,myersgarrett,45,Male,Isle of Man,ESTJ
3737,dustinherman,13,Male,Czech Republic,ISTJ
3738,annestrada,18,Male,Zimbabwe,ENTJ
3739,ramireztroy,30,Female,Bolivia,INTP
3740,qjackson,46,Female,Hungary,ESFJ
3741,vtaylor,32,Female,Lao People's Democratic Republic,ESTJ
3742,qharding,34,Female,Estonia,ESFP
3743,briggsmikayla,32,Female,Iraq,ESTJ
3744,morgancervantes,49,Female,Morocco,ESTJ
3745,gstevenson,41,Other,Saint Lucia,ESFP
3746,scottclarke,28,Male,Congo,ESTJ
3747,nolanmichele,15,Female,Macao,ENFJ
3748,karensmith,21,Male,Jordan,ENTP
3749,dustin79,32,Male,Taiwan,ESTP
3750,ricejamie,16,Male,Brazil,ENTJ
3751,kathleengordon,14,Male,Slovenia,INTP
3752,alicia37,22,Female,Poland,ISTJ
3753,james31,41,Other,Christmas Island,INFP
3754,adrian68,40,Female,Somalia,INTP
3755,valentineanita,43,Female,Wallis and Futuna,INFJ
3756,blakedavid,13,Female,Central African Republic,ESTJ
3757,jessicamichael,36,Female,Dominica,ESFJ
3758,schmidtmatthew,42,Other,Switzerland,INTJ
3759,hickmanwilliam,29,Male,Macedonia,ISTJ
3760,schmidtandrew,47,Other,Romania,INTP
3761,ingramjackie,33,Other,Tokelau,ENTJ
3762,vgutierrez,28,Female,Burundi,ISTP
3763,hcohen,27,Female,Netherlands,ESTP
3764,megan46,36,Male,Uzbekistan,INTP
3765,cmiller,42,Female,Tunisia,ISTJ
3766,burnsann,43,Male,Pitcairn Islands,ENTJ
3767,stephanie29,45,Female,British Indian Ocean Territory (Chagos Archipelago),ESFJ
3768,tracey02,38,Male,Cayman Islands,ENTJ
3769,timothyshaw,48,Female,Belize,ISFJ
3770,carpenterlee,41,Male,Cameroon,INFJ
3771,victoria86,14,Female,Northern Mariana Islands,ENTJ
3772,anthony06,46,Male,Paraguay,ISFP
3773,mortonalex,23,Female,Barbados,ENTP
3774,anthony04,24,Male,Peru,ENFP
3775,melanielynch,38,Male,Andorra,ISFP
3776,jermainecole,27,Male,Saint Kitts and Nevis,ESTP
3777,ramirezkristine,26,Female,Lao People's Democratic Republic,ESTJ
3778,qcampos,40,Female,Indonesia,ESTP
3779,michaeledwards,29,Male,Bouvet Island (Bouvetoya),ISTP
3780,roberto60,49,Male,Madagascar,INTP
3781,gonzalezjesse,24,Male,Thailand,INFJ
3782,zcollins,34,Female,Suriname,ESTJ
3783,eric83,17,Female,Philippines,ENTP
3784,whitenathan,18,Male,Kuwait,ESFJ
3785,evanvalencia,20,Female,Mali,ISFJ
3786,tracyblevins,16,Female,Turkey,ENFP
3787,nperez,38,Male,Turkmenistan,ENFJ
3788,jeremymartinez,18,Other,Holy See (Vatican City State),ESTP
3789,browningrichard,37,Male,Macao,INTP
3790,laurenerickson,21,Female,French Guiana,INTP
3791,valeriealexander,30,Female,Fiji,ENFP
3792,uburns,19,Other,Saint Vincent and the Grenadines,ESTJ
3793,pamelahull,32,Male,Myanmar,ENFP
3794,gloria91,24,Female,Suriname,INFP
3795,christinejimenez,14,Male,Sudan,ISTJ
3796,calvin65,36,Male,Italy,ISTJ
3797,cjones,43,Female,Ghana,ISTP
3798,kreid,15,Female,Northern Mariana Islands,ESTJ
3799,atkinssusan,35,Other,British Virgin Islands,ISTJ
3800,whiteronald,15,Male,Trinidad and Tobago,ESFP
3801,tuckeremily,39,Female,Guernsey,ENTP
3802,christy61,32,Male,Armenia,INTP
3803,david61,45,Male,Svalbard & Jan Mayen Islands,ESTP
3804,lindsey59,23,Female,Switzerland,ENFJ
3805,baileykevin,32,Female,United States Minor Outlying Islands,ENFJ
3806,colleendominguez,23,Female,Pitcairn Islands,INFP
3807,thomasnicole,22,Female,Antarctica (the territory South of 60 deg S),ISFJ
3808,tracy38,29,Female,Burundi,ISFP
3809,aaron90,23,Male,Barbados,INFJ
3810,fieldscatherine,44,Male,Reunion,ISTP
3811,khopkins,36,Male,Monaco,ENTJ
3812,christine31,24,Other,Montenegro,ISFJ
3813,teresarivera,40,Female,Greece,INTP
3814,stacey37,43,Female,Netherlands Antilles,ESFJ
3815,vhanna,40,Male,Turkey,INTP
3816,rebecca53,34,Female,Maldives,ESFP
3817,garcialinda,33,Female,Finland,ISTP
3818,evan05,19,Male,Puerto Rico,ISTJ
3819,william82,43,Other,Puerto Rico,ENTP
3820,leetanya,31,Male,Saint Kitts and Nevis,ENTJ
3821,brycepearson,36,Male,Greece,INTJ
3822,obarnes,22,Female,Wallis and Futuna,ISTP
3823,keith78,19,Female,Cote d'Ivoire,ESFJ
3824,sandramarshall,42,Male,Kuwait,ISFP
3825,fkelly,29,Female,Equatorial Guinea,ENTP
3826,david53,35,Other,Nigeria,INFP
3827,orozcojesus,36,Male,Sierra Leone,ESFJ
3828,thomasbaker,40,Other,Luxembourg,ENTP
3829,jamesroberts,24,Female,Colombia,INFP
3830,jerryjones,38,Female,Dominica,INFP
3831,dawnwilliams,31,Male,Lithuania,ISTJ
3832,rowejudy,32,Female,Swaziland,ENFJ
3833,tcarter,13,Male,Canada,ENTJ
3834,ellisdanny,13,Female,Slovenia,ISFP
3835,smithdennis,30,Female,Oman,INTP
3836,awhite,16,Male,Vanuatu,ISFJ
3837,timothy31,31,Female,Macao,INFJ
3838,ogriffin,36,Male,Austria,INTJ
3839,daniel51,22,Female,Somalia,ESTP
3840,john96,38,Female,Falkland Islands (Malvinas),INFP
3841,amyclements,24,Male,Guadeloupe,ISTJ
3842,holmesrichard,28,Male,Andorra,ENFJ
3843,matthewseric,42,Female,Germany,INTP
3844,jameslee,14,Male,Fiji,ENFP
3845,kingmichael,48,Female,Guadeloupe,ISFP
3846,stevensdamon,17,Other,San Marino,ESFJ
3847,elizabeth73,37,Male,Brazil,ISFP
3848,carrillokimberly,49,Female,Ukraine,ESTP
3849,doyleapril,25,Female,Sri Lanka,ESTP
3850,ogreen,34,Male,Sudan,INTP
3851,mccoyjeffrey,38,Female,Papua New Guinea,ESTP
3852,garciajohn,14,Female,Belarus,ENTJ
3853,andrewnunez,20,Female,New Zealand,ENTJ
3854,rojastroy,32,Female,Norfolk Island,ENFJ
3855,jasonphillips,39,Male,Poland,ISTP
3856,jonessara,32,Female,Croatia,INTP
3857,pwalker,24,Female,Andorra,ENFP
3858,alexandracurtis,34,Other,Andorra,ENFP
3859,brocktodd,18,Female,Greenland,INTJ
3860,nguyenronald,49,Female,United Kingdom,ISFJ
3861,ucannon,32,Male,Senegal,INTP
3862,mnash,41,Female,Singapore,ENFJ
3863,john31,36,Female,France,ESFJ
3864,elliottmary,27,Female,Cape Verde,ENTJ
3865,smithjacqueline,23,Other,Lao People's Democratic Republic,INFJ
3866,samuel82,33,Female,Cote d'Ivoire,ISFP
3867,jcruz,40,Other,Libyan Arab Jamahiriya,ISFJ
3868,gardnerveronica,34,Female,Belarus,ESFJ
3869,eyu,19,Male,Venezuela,ESTP
3870,wwoodward,43,Male,Liberia,ESFJ
3871,mrogers,30,Other,Venezuela,ENFJ
3872,mbarton,47,Female,Venezuela,ENTJ
3873,wardchristopher,39,Female,Sweden,ESTP
3874,monica49,26,Other,Christmas Island,INFJ
3875,valenciadaniel,33,Female,Poland,ISTP
3876,cathy06,35,Female,San Marino,ESFP
3877,xpeters,33,Male,Sri Lanka,INFJ
3878,melissaramos,31,Male,Serbia,ISFP
3879,david48,15,Male,Botswana,ENFJ
3880,aperez,46,Male,Dominica,INFJ
3881,melissa05,16,Female,Palau,ISTP
3882,patrickcontreras,35,Female,Sierra Leone,ESFP
3883,crystal19,40,Female,Martinique,INTJ
3884,patriciamitchell,16,Female,Liechtenstein,ISTP
3885,jmoyer,14,Female,Fiji,ISTJ
3886,jesseedwards,15,Female,Falkland Islands (Malvinas),INTJ
3887,duanejoseph,36,Other,Svalbard & Jan Mayen Islands,ESTP
3888,nortonamy,22,Other,Saint Pierre and Miquelon,INFP
3889,andrea33,30,Female,Northern Mariana Islands,ENTJ
3890,patelfrank,30,Female,Afghanistan,INFJ
3891,sancheznicole,34,Female,Palestinian Territory,ENTJ
3892,zamoracharles,47,Female,Bahrain,INTP
3893,gabrielblanchard,29,Male,Moldova,ISTP
3894,johnsontara,33,Female,Mali,ISTP
3895,catherine41,26,Female,Micronesia,ISFJ
3896,mboyle,33,Female,Samoa,ENTP
3897,aprilrodriguez,27,Other,Gibraltar,ENTP
3898,loriwang,19,Male,Netherlands Antilles,ISFP
3899,aross,41,Male,Congo,ENFP
3900,gobrien,31,Female,Mayotte,ISTJ
3901,tonyacunningham,15,Male,Syrian Arab Republic,INTJ
3902,diazjoel,20,Female,Peru,INTJ
3903,tracy13,47,Other,Singapore,ISTP
3904,garciavincent,30,Female,Gabon,ISFJ
3905,benjamin42,16,Female,Saudi Arabia,ISFJ
3906,smithpaul,17,Female,Antarctica (the territory South of 60 deg S),ESFJ
3907,qbray,33,Female,Senegal,ISFP
3908,mary35,18,Female,Turkey,ENTJ
3909,andradedeanna,46,Female,South Georgia and the South Sandwich Islands,ISFP
3910,jordanchristopher,38,Male,Swaziland,ENFJ
3911,rowekevin,34,Male,Liechtenstein,ESFJ
3912,deanrobinson,39,Male,Mauritius,ESFP
3913,kristineflores,36,Male,Senegal,INFP
3914,campbellalicia,45,Male,Oman,INTJ
3915,stephanieglass,38,Female,Cyprus,ESTJ
3916,justinyoung,35,Female,Saint Kitts and Nevis,ESTP
3917,jillian92,39,Male,Barbados,ENFP
3918,edward67,39,Female,Bangladesh,ISFP
3919,patrickbishop,46,Male,Netherlands Antilles,INTJ
3920,amandavazquez,33,Female,Cambodia,ENFP
3921,garciajoshua,34,Female,Samoa,ISFP
3922,jwells,28,Male,Korea,ISFJ
3923,daniel09,36,Female,Egypt,ESTP
3924,farmerseth,36,Female,Western Sahara,ISFJ
3925,jamesbrad,31,Male,Mali,INTJ
3926,bryan79,47,Other,Eritrea,ENFJ
3927,jessicajohnson,41,Male,Puerto Rico,ISFP
3928,bradreyes,33,Male,Saint Lucia,ENTJ
3929,fisherandrew,18,Female,Pakistan,ESFP
3930,carolduran,40,Female,Uganda,ESFJ
3931,april17,46,Male,Sierra Leone,ENFJ
3932,rothcarlos,22,Male,Brunei Darussalam,INFJ
3933,cheryl48,24,Other,Svalbard & Jan Mayen Islands,ISFP
3934,mcmahonamber,49,Male,Ethiopia,ENFP
3935,fosterjerome,45,Female,Solomon Islands,ESFJ
3936,robert16,26,Female,Netherlands Antilles,INFP
3937,debbie77,48,Male,Honduras,ISFP
3938,brittanyjohnson,42,Male,Falkland Islands (Malvinas),ESTP
3939,beckchristopher,38,Female,Guyana,ISTP
3940,david31,31,Female,Djibouti,ENFP
3941,xlivingston,14,Male,Somalia,ENFJ
3942,joan75,25,Female,Tonga,INTP
3943,ashley04,42,Male,United Arab Emirates,ENTJ
3944,cervantesbrandon,48,Female,Cook Islands,ESFP
3945,turneraustin,19,Male,Netherlands,ISTJ
3946,amy42,13,Male,Nicaragua,INFJ
3947,aaron86,13,Female,Moldova,ISTJ
3948,yfrazier,33,Male,Solomon Islands,ESTP
3949,rachel16,30,Male,Sweden,ISTP
3950,cookscott,29,Other,Russian Federation,ENTJ
3951,rachelsexton,40,Female,Kiribati,INTJ
3952,eburns,29,Female,Mongolia,ISTJ
3953,wparker,40,Female,Denmark,INFP
3954,fkemp,29,Other,Kyrgyz Republic,ESTP
3955,brendacuevas,25,Male,Slovakia (Slovak Republic),ENFP
3956,sandra59,32,Male,United Arab Emirates,INTJ
3957,robin49,33,Male,Portugal,ESFP
3958,mary84,27,Male,Norfolk Island,ENTP
3959,christopherwheeler,16,Other,Guatemala,ESFJ
3960,allencindy,44,Other,Turkmenistan,ISFP
3961,michaelmoore,36,Male,Romania,ESTP
3962,edwardsrachel,26,Female,Benin,ESTJ
3963,brooksmatthew,40,Male,Greece,INTJ
3964,fwright,46,Female,Mayotte,ISTJ
3965,johnmurphy,47,Female,Ethiopia,ISFJ
3966,nguyenzachary,27,Female,Brunei Darussalam,ESFJ
3967,christian87,42,Male,Korea,INTP
3968,wilsonmary,38,Male,Christmas Island,ISFP
3969,dpacheco,16,Male,Syrian Arab Republic,ESFP
3970,gardnersteven,29,Male,Paraguay,ISTP
3971,kristin67,24,Female,Samoa,ESFJ
3972,daniellelowe,26,Other,Montenegro,INFJ
3973,sharris,34,Female,Dominica,ENFJ
3974,ubradford,43,Other,Montserrat,ESFJ
3975,vanessaboone,22,Other,Canada,ENTJ
3976,kristy46,22,Female,Equatorial Guinea,ENTP
3977,ksnyder,42,Female,Comoros,ISFJ
3978,nicolebrock,41,Female,Holy See (Vatican City State),ESFJ
3979,kimberly64,36,Female,Central African Republic,ESTP
3980,vjennings,21,Female,Philippines,INTJ
3981,carla92,43,Female,Angola,ENFJ
3982,sreed,48,Female,Dominica,ISTP
3983,john31,46,Female,Taiwan,ESFJ
3984,diazsarah,33,Other,Kyrgyz Republic,ISTJ
3985,johnmelendez,28,Male,Guam,ESFP
3986,jack39,48,Male,Guinea,ISTJ
3987,nicholas57,22,Female,Eritrea,ENFJ
3988,ccase,25,Male,Austria,ISFP
3989,hfox,22,Male,Guatemala,ISFP
3990,xskinner,28,Male,Cambodia,ISFJ
3991,johnsonmichael,14,Male,Singapore,ISTJ
3992,isandoval,38,Female,Kenya,INTJ
3993,djenkins,20,Male,Burkina Faso,ENTP
3994,lee89,25,Male,Aruba,ESTJ
3995,amy23,48,Male,Papua New Guinea,INTJ
3996,hodgesmitchell,33,Other,Syrian Arab Republic,ENTJ
3997,twolfe,21,Male,Nauru,ESFP
3998,swarren,30,Male,Tunisia,INTJ
3999,omar10,39,Female,Namibia,ESFP
4000,uclark,32,Female,Poland,ISFP
4001,kellyperez,31,Female,Sudan,ENTP
4002,carrie17,35,Other,Czech Republic,INFP
4003,larry37,23,Male,Grenada,ISFP
4004,kathryn97,20,Male,Nigeria,INFJ
4005,ywalker,26,Female,Cuba,ISFJ
4006,bobbyfarley,24,Male,Colombia,ISFJ
4007,nkennedy,20,Female,Spain,ENTJ
4008,choijeanne,21,Male,Colombia,ESTJ
4009,jeffrey68,21,Female,Isle of Man,ISFJ
4010,brandonmason,44,Female,Malta,INFJ
4011,robert96,19,Male,Dominican Republic,ISFP
4012,chad90,21,Female,Malta,ENTP
4013,johnsonmichael,45,Female,Holy See (Vatican City State),ISFJ
4014,richard04,15,Female,Turkmenistan,ENTP
4015,paulscott,21,Female,Panama,INFJ
4016,elizabeth52,43,Female,Slovenia,ISTP
4017,williammedina,33,Female,Mauritania,INFJ
4018,conwaybruce,41,Male,Sri Lanka,INTP
4019,ramirezjacqueline,25,Male,Argentina,ESFJ
4020,william87,32,Female,United Kingdom,ENFJ
4021,briannabauer,25,Male,Angola,INTJ
4022,timothy92,30,Male,Indonesia,ISTJ
4023,taylorchristina,46,Male,Iran,ESTJ
4024,wbradley,35,Female,Spain,INTJ
4025,hthomas,44,Male,Puerto Rico,INFP
4026,kanderson,41,Male,French Polynesia,ESFP
4027,angela92,29,Male,Kyrgyz Republic,INFP
4028,ealvarado,44,Male,Gibraltar,ISTJ
4029,travis80,25,Female,Australia,INFP
4030,shayes,35,Male,Kiribati,ISFJ
4031,jeffreyjackson,30,Male,Norfolk Island,INTJ
4032,timothy49,41,Male,South Georgia and the South Sandwich Islands,ENTJ
4033,kjames,38,Female,Lithuania,INTP
4034,pittskatherine,25,Male,Cook Islands,ISTP
4035,melissa57,23,Male,Qatar,ENFJ
4036,todd84,17,Female,Central African Republic,INFJ
4037,bgalloway,39,Other,Samoa,INTP
4038,james11,43,Other,Guinea-Bissau,ESTP
4039,ncollins,21,Other,Sao Tome and Principe,ISFP
4040,turnermatthew,28,Male,Mayotte,ENFJ
4041,diazwilliam,14,Male,Denmark,ISFJ
4042,christian07,19,Other,Solomon Islands,ISFJ
4043,derekcaldwell,39,Female,Benin,INTP
4044,patricia57,28,Male,Equatorial Guinea,ENFP
4045,nmcintyre,19,Male,Norfolk Island,ESTJ
4046,krystal93,38,Female,Bulgaria,ISFJ
4047,greynolds,34,Female,Uganda,ENFP
4048,patelrenee,19,Male,Myanmar,ISFJ
4049,sean23,31,Female,Estonia,ISFJ
4050,sturner,33,Female,Greenland,ESFP
4051,irodriguez,24,Female,Macao,ESTJ
4052,melanie66,30,Other,Lao People's Democratic Republic,ENTP
4053,sfarley,28,Female,Tanzania,ENTJ
4054,emily39,44,Female,Heard Island and McDonald Islands,INFP
4055,obishop,48,Male,Bolivia,ESFP
4056,skelley,19,Male,Guinea,ESFP
4057,robinwalter,19,Male,Malaysia,ENFJ
4058,lrogers,42,Female,Bermuda,ISFP
4059,robert29,23,Male,New Caledonia,INTJ
4060,deniseweber,43,Female,Zimbabwe,ENFJ
4061,kellerantonio,29,Male,Slovenia,INFP
4062,melissajohnson,46,Other,Malta,ENFP
4063,davidjones,20,Female,Western Sahara,ESTP
4064,khayes,22,Female,Australia,ENFJ
4065,jzimmerman,45,Female,Solomon Islands,ESTP
4066,tracymurray,36,Male,Cape Verde,ESFP
4067,jeremiah52,44,Female,Serbia,ESTJ
4068,wongjonathon,33,Male,Malawi,ENFJ
4069,thomasjennifer,19,Female,French Southern Territories,INTJ
4070,jonestiffany,22,Male,Portugal,ESFJ
4071,cooperalyssa,45,Male,Niue,ESTP
4072,sotomiranda,38,Female,Mexico,INFJ
4073,johnsonjason,43,Male,Norfolk Island,ISFP
4074,wellsjoshua,24,Female,Christmas Island,ISFJ
4075,thompsonnatalie,49,Female,Bosnia and Herzegovina,INFJ
4076,butlerstacey,44,Male,Holy See (Vatican City State),ISFJ
4077,connerkimberly,44,Male,Guam,ISTP
4078,lbutler,48,Male,Finland,INTP
4079,david86,41,Male,Jersey,ENFJ
4080,rmckinney,40,Male,Guatemala,ENFP
4081,jason11,46,Male,Burkina Faso,ESFJ
4082,william19,20,Male,Lao People's Democratic Republic,ESTP
4083,scott82,44,Male,Indonesia,INTJ
4084,jessicawelch,45,Male,Togo,ENFP
4085,wagnerraymond,14,Female,Serbia,ENTP
4086,codyadams,23,Female,Thailand,ESTP
4087,christopher58,42,Female,Solomon Islands,ENFP
4088,brownjames,23,Male,Cambodia,ISFJ
4089,jennifer05,23,Male,Suriname,INTP
4090,smithcynthia,15,Male,Mongolia,INTJ
4091,aaronhorton,34,Female,Azerbaijan,ESTJ
4092,daltonkevin,24,Female,Tajikistan,ESTP
4093,smithdaniel,44,Male,Bulgaria,ISTP
4094,donald48,45,Other,Syrian Arab Republic,ESFJ
4095,hcollins,32,Male,Romania,ISFJ
4096,kweaver,21,Female,Brunei Darussalam,ISFJ
4097,ashley06,49,Female,Pitcairn Islands,INTP
4098,morgan60,13,Male,Mexico,INTP
4099,allisonwilliams,44,Other,Qatar,ISTJ
4100,charlescarter,16,Male,France,ENFJ
4101,erikatrujillo,27,Male,Guatemala,ESFJ
4102,ijohnson,26,Female,South Africa,INTJ
4103,taylorsusan,34,Male,Western Sahara,INTJ
4104,wilsondavid,24,Male,Bouvet Island (Bouvetoya),ENTJ
4105,castanedaronald,25,Male,Kazakhstan,INFJ
4106,kimgonzalez,20,Female,Antigua and Barbuda,INTJ
4107,felicia94,16,Male,Jordan,ISFJ
4108,lvaldez,33,Other,Israel,INTP
4109,cheryljimenez,19,Male,Denmark,ISTJ
4110,briansmith,19,Other,Rwanda,INFJ
4111,ralphjones,45,Female,Mozambique,ISFJ
4112,rachelmccarty,41,Female,Cocos (Keeling) Islands,ENFP
4113,traci04,27,Female,Moldova,INTP
4114,zcampbell,25,Male,Antigua and Barbuda,INTP
4115,jean33,48,Female,Niue,ESFP
4116,prattpatrick,47,Female,United States of America,INFJ
4117,melissa14,33,Female,Antigua and Barbuda,INFP
4118,carneylaura,16,Male,Korea,ISFJ
4119,joshuawinters,45,Female,Saint Kitts and Nevis,ISTP
4120,johnsonwilliam,38,Female,Haiti,ISFJ
4121,fernandezrebecca,28,Male,Djibouti,ISFP
4122,xfox,37,Male,Ukraine,ISTJ
4123,johnsonbryan,43,Male,Costa Rica,ESFP
4124,anthony61,36,Female,Botswana,ENTP
4125,bakertimothy,48,Female,Saint Martin,ISFP
4126,qgraves,22,Female,Uruguay,ESFJ
4127,bbrown,48,Male,United Kingdom,ISFP
4128,teresarice,42,Female,Iran,ISFJ
4129,alicewoods,46,Male,Congo,ENFP
4130,harrellmichael,43,Male,Sri Lanka,ISTJ
4131,thomasryan,40,Male,Christmas Island,ENFP
4132,lawrencemoore,47,Male,Cyprus,INFP
4133,jennifer73,39,Female,French Polynesia,ENFP
4134,wrush,21,Female,Singapore,INTJ
4135,jmiller,32,Male,Gibraltar,ESTP
4136,sroberts,24,Male,Poland,ENTJ
4137,pharper,16,Male,Canada,ISFP
4138,mooreluis,47,Female,United States Virgin Islands,INTP
4139,anthony45,48,Male,Brunei Darussalam,INTJ
4140,sheltonstefanie,35,Female,Albania,ISFP
4141,mitchellbrittany,30,Female,Australia,ENTJ
4142,elizabethmoreno,44,Female,Netherlands Antilles,ENTJ
4143,boydkenneth,36,Male,Greece,ENTP
4144,jennifer91,35,Male,Guadeloupe,INFP
4145,david21,29,Male,Gibraltar,ESTJ
4146,cheryl83,35,Female,Estonia,INFP
4147,fwilliams,38,Male,Georgia,ENFJ
4148,patriciabailey,15,Male,Slovenia,ISTJ
4149,millercarl,28,Female,Syrian Arab Republic,ESFJ
4150,walterelliott,46,Female,Russian Federation,ISFJ
4151,ladams,31,Female,South Georgia and the South Sandwich Islands,INFP
4152,campbellmiranda,38,Male,Iran,ISFP
4153,stacy27,48,Female,Netherlands,ISTP
4154,anthony98,16,Female,Egypt,ESFP
4155,isutton,35,Male,Liberia,ESTJ
4156,jsanchez,28,Other,Turks and Caicos Islands,ISFJ
4157,joseduncan,13,Male,Netherlands,ISTJ
4158,geraldwarner,16,Male,Botswana,INTJ
4159,robinsonwilliam,46,Other,Anguilla,INTJ
4160,jenniferturner,25,Male,Tunisia,ESTP
4161,mochoa,30,Female,China,INFP
4162,justinburns,39,Male,Wallis and Futuna,ENFP
4163,pgarrett,26,Male,Tajikistan,ISFP
4164,hutchinsoncody,21,Male,Vanuatu,ENTP
4165,alexis76,45,Male,Poland,ISFJ
4166,david05,13,Female,Liechtenstein,ISTP
4167,jessica28,19,Female,Cook Islands,ESFJ
4168,wwright,47,Male,South Georgia and the South Sandwich Islands,ESFP
4169,galvarez,49,Male,Senegal,INFP
4170,richardedwards,24,Male,Swaziland,ESFJ
4171,richardknight,40,Male,Jamaica,ENFJ
4172,watkinsalbert,13,Male,Belarus,ESFP
4173,perkinszachary,27,Other,Taiwan,ESTP
4174,sarahmills,36,Male,Latvia,ESFP
4175,victoriabaldwin,45,Female,China,ESFJ
4176,james45,21,Male,Sweden,ESFJ
4177,watershailey,38,Female,Guatemala,ENFP
4178,smitherin,49,Female,Afghanistan,ISFJ
4179,josephhoffman,29,Male,Ukraine,ENFP
4180,rjones,22,Male,Ethiopia,INTP
4181,dolson,45,Female,Uganda,INFJ
4182,lhart,17,Male,Japan,ISTP
4183,kevin76,23,Female,Heard Island and McDonald Islands,ISFP
4184,amanda52,48,Male,Togo,INFJ
4185,hollowayjeremy,26,Female,Burkina Faso,INFJ
4186,franciscoquinn,18,Other,Maldives,ISFP
4187,davisseth,28,Other,Mozambique,INFP
4188,zgoodwin,17,Female,Lesotho,ESFP
4189,aferrell,19,Male,Turks and Caicos Islands,INFJ
4190,rterrell,17,Male,Macao,ENTP
4191,jessica11,20,Male,Tunisia,ISTJ
4192,franciscolewis,16,Female,Korea,ESFP
4193,obeck,36,Male,New Caledonia,INFP
4194,lthomas,28,Male,Syrian Arab Republic,ESTP
4195,lisagreen,28,Female,United Arab Emirates,INFP
4196,johnpark,20,Male,Cape Verde,ENTJ
4197,hbrown,14,Female,Montenegro,ISTP
4198,donaldgutierrez,35,Other,Libyan Arab Jamahiriya,ENFJ
4199,cartersean,28,Other,Indonesia,ENTP
4200,xgross,41,Male,Portugal,ISFP
4201,aking,33,Other,Switzerland,ISTP
4202,floresoscar,17,Female,Equatorial Guinea,ESTJ
4203,gregoryestrada,18,Other,Guyana,ISTP
4204,michaelhudson,19,Male,Puerto Rico,ISTJ
4205,michelle24,22,Other,Saudi Arabia,ESFJ
4206,manuel44,18,Female,Benin,ENTP
4207,christopher05,40,Male,Papua New Guinea,ESTP
4208,michelleosborn,40,Female,Colombia,INFJ
4209,dalton57,38,Female,Cape Verde,INTJ
4210,david15,18,Female,South Georgia and the South Sandwich Islands,INFJ
4211,ggill,39,Female,Panama,ENTJ
4212,kylejacobson,41,Female,Luxembourg,ESFJ
4213,marie96,34,Female,Montenegro,ENFJ
4214,michaelavery,30,Female,Faroe Islands,ENFJ
4215,nataliehicks,32,Male,British Indian Ocean Territory (Chagos Archipelago),INFP
4216,emmathompson,36,Male,Sao Tome and Principe,ENTP
4217,denise07,47,Male,Ecuador,ENFP
4218,clopez,41,Male,Kiribati,ESTP
4219,angela35,27,Female,Romania,ESFJ
4220,laurahayes,33,Female,Singapore,ISFP
4221,james45,42,Male,United Kingdom,ESTJ
4222,uparker,37,Female,Lebanon,ENTP
4223,beanjeffrey,19,Male,Greenland,ISTJ
4224,debra13,18,Female,Kyrgyz Republic,INTJ
4225,smithchad,33,Female,Madagascar,ENTJ
4226,jessicasanders,32,Male,Grenada,INFP
4227,wilsoncorey,13,Male,Zambia,ENTP
4228,thomasnicholas,42,Other,Guinea,INFJ
4229,samantha27,18,Male,Oman,ESFP
4230,ndaniel,18,Female,Netherlands Antilles,ESTP
4231,kerry31,32,Other,Heard Island and McDonald Islands,ESFJ
4232,howardmadison,33,Male,Slovakia (Slovak Republic),ISFP
4233,jamesvilla,15,Male,Qatar,ENFJ
4234,stacyjackson,30,Male,Niger,ISFP
4235,michaelcarter,24,Female,Bhutan,INFJ
4236,kathy29,18,Other,China,ISTP
4237,johnsondaniel,17,Female,Venezuela,ENTJ
4238,julieerickson,17,Male,Nicaragua,ESTJ
4239,robertmitchell,44,Male,Heard Island and McDonald Islands,ISTJ
4240,masseymax,39,Male,Chile,ISFJ
4241,ryan19,45,Male,Germany,ISFJ
4242,sgray,48,Male,Brazil,ISFP
4243,bradleygentry,19,Male,South Africa,ISTP
4244,kwilliams,49,Male,Korea,ISTP
4245,davidbryant,43,Male,Taiwan,ENFP
4246,zacharyperez,34,Female,Monaco,ENFJ
4247,dillonsabrina,38,Female,Nauru,ISTP
4248,atkinsnancy,41,Male,Gibraltar,INFJ
4249,jacob39,45,Male,Kyrgyz Republic,ENFP
4250,wangshannon,18,Male,Norfolk Island,ESTJ
4251,frankruiz,18,Female,Algeria,ENTP
4252,stacey74,37,Other,Sweden,INTP
4253,charleslarry,18,Male,Guinea,INTJ
4254,christopherparker,34,Female,Iceland,ENFP
4255,amanda87,34,Female,Hong Kong,ENFP
4256,steven22,45,Male,Greece,ESFJ
4257,jonesmalik,46,Other,Latvia,ENTJ
4258,bgray,20,Female,Spain,ISTJ
4259,dakota69,25,Female,Serbia,INTP
4260,luisgregory,33,Female,Samoa,ESTJ
4261,lbaker,36,Female,Australia,ISFP
4262,wroberts,20,Male,Seychelles,ISTJ
4263,rachel60,48,Female,Canada,ENTP
4264,kevin04,28,Female,China,INFP
4265,edavis,13,Female,New Caledonia,ISTJ
4266,smithlinda,44,Male,Bulgaria,ENFJ
4267,rubencarpenter,29,Female,Bosnia and Herzegovina,INFJ
4268,kmaldonado,47,Female,Estonia,INFJ
4269,stephenswilliam,17,Male,Saint Pierre and Miquelon,INFP
4270,astanley,48,Male,Maldives,ENFP
4271,aclay,32,Female,Austria,ESTJ
4272,annyoder,26,Female,Grenada,ISFJ
4273,henrybrittany,29,Female,Gambia,INFP
4274,xbrown,27,Male,South Africa,ISTP
4275,brian92,40,Male,Haiti,ESTJ
4276,richardelizabeth,46,Male,Tonga,ISFJ
4277,juan57,30,Male,Malta,ESTP
4278,usantiago,48,Female,Iceland,ESTP
4279,dstout,33,Female,Saint Martin,ESTJ
4280,aaron54,33,Female,Christmas Island,ESTP
4281,walkersamantha,38,Other,Tajikistan,INFP
4282,donnastewart,28,Male,Malaysia,ESFP
4283,lancehernandez,47,Male,Botswana,ISFP
4284,sclark,48,Female,Guadeloupe,ENFJ
4285,ybrock,31,Female,Bahamas,INFJ
4286,rdavis,41,Male,Pakistan,ISFP
4287,claytonheather,25,Female,Korea,INFJ
4288,jessicaharris,23,Other,Greenland,ISTP
4289,lawrenceedwards,22,Male,United States Minor Outlying Islands,ENFJ
4290,qfry,35,Male,Azerbaijan,INTP
4291,upineda,32,Female,Bulgaria,ESTJ
4292,jamieclark,37,Other,United Arab Emirates,ESFP
4293,bryanthompson,18,Female,Botswana,ESFJ
4294,jaredowens,43,Female,Maldives,ISFJ
4295,holmeskyle,21,Male,Sweden,INFJ
4296,jonesmark,44,Other,Belize,ISFP
4297,iraymond,13,Female,Bhutan,ISFJ
4298,mckaymichelle,47,Female,Greece,ESTP
4299,stevengibson,26,Other,Moldova,INTP
4300,johnsonemily,33,Female,Indonesia,ISTP
4301,donnasmith,22,Female,Uzbekistan,ISFP
4302,austin98,30,Female,Comoros,ENFP
4303,michelle38,24,Male,Swaziland,ISFJ
4304,emily96,35,Male,Madagascar,ENFP
4305,bridgethahn,25,Male,Holy See (Vatican City State),INFJ
4306,wilkinsonsandra,43,Male,Georgia,INFJ
4307,keith66,41,Male,Palau,INFP
4308,nstanley,43,Male,Lesotho,ESTJ
4309,christophersmith,15,Male,Guam,ISTP
4310,james81,19,Female,Namibia,ESFJ
4311,jacqueline77,34,Male,Iran,ESTJ
4312,amendez,36,Male,Togo,ESTP
4313,peterrodriguez,26,Male,Tajikistan,ISTP
4314,amiranda,22,Male,Ghana,ISTJ
4315,carlmooney,29,Male,Antarctica (the territory South of 60 deg S),ESFJ
4316,donaldwilliams,23,Female,Angola,INTP
4317,mtaylor,27,Female,Slovenia,ENTJ
4318,jessica80,41,Female,Hungary,ESFP
4319,kherrera,17,Male,Faroe Islands,ENFJ
4320,urodriguez,24,Female,American Samoa,ENTJ
4321,fmoore,28,Male,Dominican Republic,ESTP
4322,reiddeanna,13,Female,British Indian Ocean Territory (Chagos Archipelago),INFJ
4323,brucewalker,18,Female,Malawi,ESFJ
4324,rebecca40,23,Male,Bermuda,ENTJ
4325,kevindelgado,30,Male,American Samoa,INFP
4326,blawrence,19,Female,Cyprus,ESFP
4327,kimberly21,15,Male,Guernsey,INFJ
4328,andrew73,45,Male,Namibia,INTP
4329,rodriguezpamela,34,Female,Bolivia,INTJ
4330,ericabraun,20,Male,Malaysia,ISFJ
4331,jacksonbrenda,40,Female,Benin,INFP
4332,xbennett,21,Female,Congo,INTP
4333,mnelson,48,Male,Saint Barthelemy,ISTP
4334,omitchell,44,Other,Latvia,ENFP
4335,gardnerchad,48,Female,Denmark,ISFJ
4336,dweber,47,Female,Poland,ESFP
4337,thomasanderson,49,Female,Costa Rica,ISTJ
4338,terri72,16,Female,Libyan Arab Jamahiriya,INTP
4339,scottjennifer,40,Female,Kiribati,ENFP
4340,qkelley,34,Other,Greece,ESTP
4341,srush,49,Female,Taiwan,INFP
4342,lmartin,20,Male,United Arab Emirates,ISTP
4343,joshua62,33,Other,Mozambique,ESTJ
4344,leslie53,13,Male,Tuvalu,ISTP
4345,tinaparker,14,Other,Bouvet Island (Bouvetoya),INTP
4346,williamslisa,36,Male,Venezuela,ENTP
4347,rebeccacrawford,34,Female,Malaysia,ENTJ
4348,annabrandt,27,Male,Brunei Darussalam,ENFJ
4349,duncandavid,22,Female,Panama,ISTP
4350,lbaker,33,Male,Vanuatu,ESFJ
4351,tbuchanan,15,Male,Mayotte,ENFP
4352,jeff91,35,Male,Oman,ISTP
4353,smithallison,26,Female,China,INTP
4354,tracyjohnson,25,Female,Liechtenstein,ESTJ
4355,sarah97,14,Female,Bermuda,INTJ
4356,glendaporter,23,Female,Papua New Guinea,ISTP
4357,thomasjoseph,29,Male,Congo,ISTJ
4358,nathan29,20,Male,Solomon Islands,ENTJ
4359,joseph56,42,Male,United Arab Emirates,ENTJ
4360,lewisgary,39,Male,Tajikistan,ISFP
4361,kennedysandra,41,Female,Zimbabwe,ESTP
4362,wmcneil,35,Female,Lesotho,ESFJ
4363,susanhernandez,27,Male,Montenegro,ESTP
4364,anthony82,14,Female,Kiribati,INFJ
4365,charleswood,37,Female,Western Sahara,ENFP
4366,robert13,24,Male,Israel,ESFJ
4367,zbaker,25,Female,Thailand,INFJ
4368,toddmcdonald,20,Male,South Africa,ISTP
4369,penarobin,45,Female,Namibia,INFP
4370,justin01,29,Other,Egypt,ISTP
4371,alvarezmark,38,Female,Samoa,ESFP
4372,shawn47,45,Other,Italy,ISTP
4373,mcunningham,49,Female,Comoros,ENTJ
4374,daniel61,17,Other,French Polynesia,INFP
4375,sara03,46,Female,El Salvador,INTP
4376,catherine25,17,Female,Philippines,INTP
4377,brian80,47,Other,Ireland,ISTJ
4378,sherry59,34,Female,Paraguay,INTP
4379,nadams,41,Female,Costa Rica,INTJ
4380,amandacarter,14,Male,Myanmar,ENFJ
4381,cherylparker,41,Male,Greenland,ISFP
4382,dwilson,15,Male,France,ISFP
4383,fcarter,44,Male,Sri Lanka,INFP
4384,rushtravis,31,Other,United States Virgin Islands,INTJ
4385,hicksmary,33,Male,Guernsey,ESTP
4386,ycannon,46,Female,Bahrain,INFP
4387,danieldoyle,45,Male,Brunei Darussalam,ENTP
4388,ginaking,34,Other,Israel,ENFP
4389,starkalexander,31,Female,Malta,ESTJ
4390,qbartlett,16,Other,Gabon,ESTJ
4391,burnssamuel,28,Male,Australia,ISTP
4392,andrea95,37,Female,Saint Barthelemy,INTP
4393,howardstephen,18,Male,Croatia,ISFJ
4394,upalmer,17,Female,Suriname,ISFP
4395,randallflynn,47,Male,New Zealand,INFP
4396,beardkatelyn,28,Male,Svalbard & Jan Mayen Islands,INTP
4397,clarkmelissa,26,Female,Palestinian Territory,ESTJ
4398,adam68,20,Male,Kyrgyz Republic,INFP
4399,fbrandt,46,Other,Madagascar,ENFJ
4400,jessica32,14,Female,Romania,INFJ
4401,jeremiah39,16,Female,Bhutan,INFP
4402,kelsey46,25,Male,Russian Federation,INFJ
4403,vmcpherson,31,Male,French Southern Territories,INTP
4404,harrisalbert,48,Male,Chad,ENTJ
4405,edurham,35,Male,United States Virgin Islands,INTJ
4406,bsparks,46,Female,Vanuatu,INTJ
4407,davidbrown,22,Male,Congo,ESTJ
4408,ojimenez,32,Female,Bahrain,ENFJ
4409,sandranguyen,28,Female,Faroe Islands,ISTP
4410,nwalsh,27,Female,Montenegro,ENFP
4411,smithryan,24,Female,Romania,INFP
4412,pmartinez,47,Female,Netherlands Antilles,ESTJ
4413,steven02,35,Female,China,INTP
4414,hgonzales,20,Female,Northern Mariana Islands,ESFP
4415,wilkinsonashley,48,Female,Qatar,INFP
4416,linda68,30,Male,Taiwan,ESTJ
4417,josemoon,42,Male,Portugal,INTP
4418,mwelch,44,Male,Belarus,ESTJ
4419,eddie39,44,Female,United States of America,ESFP
4420,williamroberts,42,Male,Northern Mariana Islands,INFJ
4421,weissdakota,44,Male,Somalia,ESFP
4422,tbarnes,47,Female,Equatorial Guinea,INTP
4423,eric89,49,Female,Fiji,INTJ
4424,anthony71,34,Male,Pakistan,ISTP
4425,rojaserik,37,Female,Haiti,ISTP
4426,hudsonandrew,16,Female,Qatar,ISTJ
4427,raymondscott,43,Female,Kiribati,ISTP
4428,zprice,36,Male,Bermuda,ESTJ
4429,gbarrett,30,Male,Brazil,ISFJ
4430,jmiller,33,Other,Mexico,ISFP
4431,faulkneralyssa,30,Female,Lebanon,ISFP
4432,bjackson,31,Male,India,ENTP
4433,jessicanguyen,37,Female,Bahamas,INTJ
4434,rhonda27,38,Female,Botswana,ESFP
4435,reynoldskatie,17,Female,Hong Kong,ESFJ
4436,heather58,43,Female,Somalia,ESFJ
4437,andrew19,13,Male,Mali,ENTJ
4438,kevinferguson,43,Female,Northern Mariana Islands,ISFP
4439,dominiquehumphrey,32,Other,Gabon,INTP
4440,dlee,22,Male,Saint Martin,ESTJ
4441,caitlyn63,20,Female,Central African Republic,ISFP
4442,johngross,38,Female,Fiji,ESTJ
4443,qsnyder,16,Male,Equatorial Guinea,ENFP
4444,joycelarry,13,Female,Cyprus,ISFJ
4445,jennifersmith,19,Female,Myanmar,ENFP
4446,bergtammy,25,Male,Israel,ENTJ
4447,flynch,13,Female,Barbados,ENFP
4448,thomaskimberly,31,Male,San Marino,ISTJ
4449,williamsdanny,15,Female,Bosnia and Herzegovina,INFJ
4450,agarcia,35,Other,Bosnia and Herzegovina,INFP
4451,danielreginald,30,Male,Tunisia,ENFP
4452,kayla51,42,Female,Panama,ESFP
4453,ashley21,46,Female,Antarctica (the territory South of 60 deg S),ENTP
4454,barbarahuang,13,Female,Kyrgyz Republic,ESFP
4455,dcole,35,Female,Ecuador,ESTP
4456,barneswendy,22,Female,Marshall Islands,INTJ
4457,othomas,29,Female,Tonga,ESTP
4458,daniellegalvan,44,Female,Saint Lucia,ENTJ
4459,ibenjamin,24,Male,Philippines,ESFP
4460,mleon,34,Male,Congo,ISFP
4461,smithkenneth,16,Male,Costa Rica,ENTP
4462,james86,39,Female,France,INTJ
4463,cwallace,36,Male,Antarctica (the territory South of 60 deg S),ESTJ
4464,kevinhess,33,Male,Australia,ENTJ
4465,vasquezdaniel,43,Other,Cuba,INFP
4466,ewilliams,32,Male,Montenegro,ENFJ
4467,lhudson,39,Female,United Kingdom,ESTP
4468,thomasharrison,38,Female,United States Minor Outlying Islands,ESFJ
4469,coopereric,20,Female,Cape Verde,ENFJ
4470,michellehaynes,30,Male,Malaysia,ENFP
4471,james32,31,Female,Lao People's Democratic Republic,ENTJ
4472,xwilliams,33,Female,Moldova,ISTP
4473,jeffreykerr,30,Female,Saudi Arabia,ESFP
4474,cholt,13,Male,Faroe Islands,ENTJ
4475,ashley73,20,Male,Algeria,ISTJ
4476,ashleymorrow,41,Female,Gambia,ESTJ
4477,rhondaolsen,33,Male,Gabon,ISFJ
4478,debra96,44,Other,Netherlands,ISFJ
4479,jordanmartinez,39,Other,Marshall Islands,INFP
4480,ethan17,46,Male,Guernsey,ENTP
4481,robertdodson,26,Female,Christmas Island,ENFP
4482,graymichelle,46,Male,Greece,INTP
4483,wanderson,40,Male,Cayman Islands,ENFP
4484,williamsderek,39,Female,Greece,INTP
4485,robinjimenez,16,Male,Equatorial Guinea,ESFP
4486,coreycastro,26,Male,Cote d'Ivoire,ESTJ
4487,henryamanda,33,Male,French Guiana,ISTP
4488,laura23,28,Male,Lesotho,ESTJ
4489,watkinsjoyce,33,Female,French Polynesia,ENTJ
4490,brentmoore,41,Female,Namibia,ENFJ
4491,nicoledeleon,32,Male,Panama,ENFP
4492,hollychaney,42,Female,South Georgia and the South Sandwich Islands,ENTJ
4493,henrypotts,46,Male,Dominican Republic,INFP
4494,alexandervalenzuela,25,Female,Slovenia,ENTJ
4495,wernercassandra,45,Female,United States of America,ISTP
4496,kmayer,47,Male,Sweden,INTJ
4497,justinbenson,38,Female,Antarctica (the territory South of 60 deg S),INFP
4498,rmurphy,33,Male,Burundi,ENFJ
4499,patrick90,29,Male,Portugal,ENTP
4500,tylerroberts,40,Female,Honduras,ISFJ
4501,amyvaughn,40,Male,Zambia,ESTJ
4502,erodgers,49,Other,Guam,ISFJ
4503,farmeralexis,18,Female,Belgium,ISFP
4504,higginslisa,27,Female,Guinea,ISFJ
4505,mooneychelsea,48,Female,Venezuela,ISFP
4506,ncoleman,29,Other,Belgium,ENTP
4507,wendywilkinson,38,Male,United Kingdom,ISFP
4508,evan73,36,Male,United States of America,ESTJ
4509,samuel61,46,Female,Belgium,ISTP
4510,lisa84,16,Male,Namibia,ISTJ
4511,mullinsfrederick,35,Male,Solomon Islands,ESTJ
4512,andrewbranch,27,Male,Armenia,ENFJ
4513,charles21,34,Female,Myanmar,ESFJ
4514,nancylucas,18,Female,Tunisia,ENTP
4515,torresjonathan,39,Other,Belize,ISTP
4516,qcervantes,33,Female,Bermuda,ENFP
4517,xmoore,49,Male,Niger,ISFP
4518,glennsteven,15,Male,Ecuador,ISTP
4519,michaelwhite,18,Female,Czech Republic,ENTJ
4520,pharris,13,Male,Malawi,ISTJ
4521,aaroncarpenter,28,Male,Saint Pierre and Miquelon,ENFJ
4522,katelynstewart,16,Other,Guadeloupe,INFJ
4523,paulhuffman,18,Female,Myanmar,ENTP
4524,donald21,49,Female,Finland,INFJ
4525,tonyturner,43,Female,Guam,ENFJ
4526,amandabarnes,36,Female,Somalia,ISTP
4527,lauramaxwell,43,Female,Greece,INFP
4528,mathewjordan,23,Female,Antigua and Barbuda,ESFP
4529,john81,35,Female,Norway,ENFJ
4530,melindasantos,28,Male,Cocos (Keeling) Islands,ENTP
4531,kimberly16,24,Female,Saudi Arabia,INTP
4532,charles81,39,Female,Qatar,ISFJ
4533,llewis,13,Female,Mali,INFJ
4534,kimberly49,24,Female,Saint Martin,INTJ
4535,masoneverett,46,Female,Antigua and Barbuda,ENTP
4536,brandy19,16,Male,Sao Tome and Principe,ENFP
4537,robert19,21,Male,Seychelles,ENFP
4538,laura79,28,Male,Djibouti,ISFP
4539,kayla61,26,Other,Nepal,ESTJ
4540,reedthomas,21,Male,Angola,ISFJ
4541,gonzalezjessica,24,Female,Sudan,ISTJ
4542,kevans,13,Male,Nicaragua,INTJ
4543,uharrison,48,Male,Turkey,ESFP
4544,wmarks,17,Female,Equatorial Guinea,ESTJ
4545,wongjackie,32,Female,Congo,ENFP
4546,louis01,19,Male,Mauritius,ISTP
4547,andreamiller,24,Male,Bhutan,ESFJ
4548,jamierodriguez,14,Female,Syrian Arab Republic,ESFP
4549,christinanielsen,44,Male,Jersey,ENTJ
4550,harpernatasha,36,Other,Marshall Islands,ENFJ
4551,nanderson,36,Female,Lebanon,ENTJ
4552,nicholasedwards,47,Female,Paraguay,ESTJ
4553,brittanythomas,37,Female,Tuvalu,ENFJ
4554,usmith,26,Male,Slovenia,ENFP
4555,bhall,46,Other,Congo,ESTJ
4556,davisbrandon,29,Female,Liberia,ESFJ
4557,smithmariah,16,Female,Pitcairn Islands,ISFP
4558,ashleygreen,25,Other,Holy See (Vatican City State),INTJ
4559,kennethdean,27,Male,Bosnia and Herzegovina,INFJ
4560,thompsonnicole,25,Female,Eritrea,ESFJ
4561,mitchell15,30,Male,Canada,ENTP
4562,diane24,30,Female,Falkland Islands (Malvinas),ESFP
4563,pricetammy,27,Male,Ukraine,ISTP
4564,barbaraadams,19,Female,Tuvalu,INTJ
4565,gallagherdavid,25,Male,Costa Rica,ISTP
4566,vjones,25,Male,India,INFJ
4567,valerie07,22,Female,Saint Kitts and Nevis,INFP
4568,jeffery90,44,Male,Papua New Guinea,ISTJ
4569,joanne42,48,Female,Macao,ISTP
4570,bryan74,39,Female,Azerbaijan,ENFP
4571,leahallen,18,Other,Latvia,ESFJ
4572,dturner,22,Female,Philippines,ESFJ
4573,edward67,47,Male,Norway,ESFP
4574,vwilson,42,Female,Equatorial Guinea,ESFJ
4575,harrisoneric,23,Female,Bermuda,ESTP
4576,rgreen,39,Male,Libyan Arab Jamahiriya,INTP
4577,ffoster,18,Male,Falkland Islands (Malvinas),ISTP
4578,romanshawn,39,Female,Saint Barthelemy,ESFJ
4579,awilliams,40,Female,Saint Helena,ENTP
4580,sandracunningham,16,Female,Swaziland,ISTJ
4581,robertcarpenter,37,Female,Congo,INTJ
4582,robert97,37,Male,Algeria,ESFJ
4583,floresjulia,17,Female,Singapore,ISFP
4584,theodorepierce,15,Male,Bouvet Island (Bouvetoya),INFP
4585,stephen72,45,Female,Algeria,ENTP
4586,jenniferscott,27,Female,Cambodia,INFJ
4587,nli,30,Female,Saint Lucia,ENFP
4588,baileymelissa,47,Male,Burkina Faso,INTJ
4589,ryan39,29,Male,United States Minor Outlying Islands,ISTP
4590,samuel22,48,Male,Tonga,INTJ
4591,aaronsavage,25,Male,Nepal,ISFP
4592,jarviskimberly,28,Female,Kuwait,ISTJ
4593,jamieshah,47,Female,Netherlands Antilles,ISTP
4594,dschmitt,46,Female,Saint Helena,ISFJ
4595,castillokrystal,14,Female,Bolivia,ENTJ
4596,usmith,48,Female,Korea,ISTJ
4597,colemankimberly,32,Female,France,INFP
4598,duncanbruce,47,Other,French Guiana,INFJ
4599,kingdaniel,22,Male,Northern Mariana Islands,ISTP
4600,melissaboyd,21,Other,Puerto Rico,ESFJ
4601,esteskelli,47,Male,Sao Tome and Principe,ENFP
4602,jacksonjoshua,30,Male,Greenland,ISTJ
4603,marc55,21,Male,United Arab Emirates,ISTP
4604,laura64,19,Other,Niger,ENTP
4605,diazbrandi,38,Male,Rwanda,ISTP
4606,derrickmyers,13,Male,Trinidad and Tobago,ENTP
4607,antonio44,34,Male,Vietnam,ESFJ
4608,johnsonpamela,17,Male,Poland,INTP
4609,eddie96,19,Female,Benin,INFJ
4610,rblack,48,Female,Uruguay,ESTP
4611,rgilbert,20,Other,Guadeloupe,ENTJ
4612,shannon56,21,Male,Thailand,ENFP
4613,corey62,48,Male,Israel,ISFJ
4614,gabrielwebb,28,Male,Falkland Islands (Malvinas),INFP
4615,eugene64,27,Other,Malta,ENTP
4616,april10,44,Male,United Arab Emirates,INTP
4617,christopherdunlap,42,Female,Malawi,ENTJ
4618,lisarivera,31,Female,Uzbekistan,ISFJ
4619,nathan50,24,Female,Uzbekistan,ESFJ
4620,oliverwilliam,39,Female,Comoros,ESTJ
4621,mcoleman,45,Male,Bermuda,ESTP
4622,ashley76,45,Male,Cameroon,INFJ
4623,lisa46,44,Female,Malawi,ENFP
4624,victorfleming,28,Male,Cook Islands,INFJ
4625,nguyenjulie,13,Male,Mali,ESTJ
4626,douglassmith,39,Male,Benin,ESFP
4627,brooke11,30,Female,South Georgia and the South Sandwich Islands,ISFP
4628,parkershawn,25,Other,Estonia,ESFJ
4629,matthew06,19,Male,Afghanistan,ENTP
4630,bentleyamanda,49,Female,Cape Verde,ESFJ
4631,lewiselizabeth,48,Other,Tajikistan,ISTJ
4632,jason56,35,Female,Niger,INFP
4633,nelsonvanessa,18,Other,Tanzania,INTP
4634,julie74,41,Female,Kiribati,ESFP
4635,smithkimberly,29,Male,Solomon Islands,ENFJ
4636,joallison,44,Other,British Virgin Islands,INTP
4637,jacob77,21,Female,New Caledonia,ISFP
4638,brownraymond,34,Male,Korea,ISFJ
4639,stewartalexis,40,Female,Montenegro,INTJ
4640,robert32,35,Female,Kuwait,ISTJ
4641,brad49,44,Female,Spain,INFP
4642,bonillamarisa,31,Other,Tokelau,ESTP
4643,henrysusan,15,Male,Jersey,ENFP
4644,wpham,35,Male,Mexico,INTJ
4645,jadebentley,41,Female,Benin,ENTJ
4646,anthonycarolyn,24,Female,Slovenia,ESTJ
4647,john82,23,Female,Costa Rica,ESFJ
4648,jasonnewman,41,Male,Nepal,ISTP
4649,wilsonjoy,30,Female,Slovenia,ESFJ
4650,nwolf,43,Male,Thailand,ENFP
4651,richardedwards,36,Male,Colombia,ESTP
4652,hyoung,22,Other,Cocos (Keeling) Islands,ISFJ
4653,melissa83,48,Female,Poland,INFP
4654,marvin06,28,Female,Iceland,ENFP
4655,bakerjesse,43,Female,Uganda,ISTP
4656,carpenterashley,39,Male,Eritrea,ESFP
4657,cherylcline,46,Male,Honduras,INFP
4658,andrea59,37,Female,Timor-Leste,ENTJ
4659,heathermaxwell,38,Male,Macedonia,INTJ
4660,daniel07,43,Female,San Marino,ENTP
4661,millercory,47,Female,Jersey,ISTJ
4662,nmiller,33,Female,Tokelau,ENFJ
4663,raymondayers,34,Female,Uzbekistan,ISFJ
4664,freyjeffrey,48,Male,Guinea,ISTJ
4665,mcconnelljoanna,19,Male,Guatemala,ESFP
4666,davidgardner,46,Female,Wallis and Futuna,INTP
4667,wilsonamber,28,Female,Guinea,INFJ
4668,benjaminhoward,20,Female,Netherlands Antilles,ENTP
4669,stephanie88,40,Male,Moldova,ESTP
4670,pamela92,45,Female,Egypt,ENFJ
4671,andrewbrown,47,Female,Ireland,INTJ
4672,qgallegos,25,Other,Belgium,INFJ
4673,francisco41,14,Other,Guinea-Bissau,ISFP
4674,laura22,48,Male,Korea,ISFJ
4675,shancock,16,Female,Mexico,ENFP
4676,kevinandrade,41,Male,Paraguay,ENFJ
4677,kathleen23,41,Female,Andorra,ISTJ
4678,victordunlap,19,Female,Tokelau,ISFP
4679,murrayfaith,23,Male,Singapore,ISFJ
4680,tyler09,16,Female,French Polynesia,INFJ
4681,johnblankenship,23,Female,Guatemala,INTP
4682,umason,40,Female,San Marino,ISTJ
4683,wallacemitchell,17,Female,Croatia,ESFP
4684,howardnancy,15,Female,Guadeloupe,ISFP
4685,omcintyre,45,Male,Dominican Republic,ESTJ
4686,williamrocha,18,Male,Western Sahara,ESFJ
4687,jimmorse,21,Male,Spain,ISTJ
4688,melissafisher,38,Female,Aruba,INFP
4689,brandon36,48,Female,Niger,ESFP
4690,veronicamoore,45,Male,Kyrgyz Republic,ISFP
4691,druiz,15,Female,Romania,ISFP
4692,ydickerson,19,Other,Turks and Caicos Islands,ENFP
4693,jacob56,16,Female,Vietnam,ENTP
4694,christopherwilson,48,Male,Argentina,ESFJ
4695,swashington,48,Male,Lesotho,ISFP
4696,finleylatasha,34,Female,Nauru,INTP
4697,hbell,36,Female,El Salvador,ISFP
4698,ronaldcole,18,Female,Mauritania,INTP
4699,hollandsummer,22,Male,Cocos (Keeling) Islands,ESFP
4700,jacobevans,26,Other,Zambia,ISFP
4701,dustin32,31,Other,Solomon Islands,ESFP
4702,laurameyer,34,Female,Luxembourg,ENTJ
4703,mayolaura,38,Female,Somalia,INFJ
4704,rodneyortega,35,Male,Iceland,INTJ
4705,gjacobs,34,Female,Libyan Arab Jamahiriya,ENTJ
4706,benjamin35,28,Male,Albania,ESTP
4707,charles97,24,Female,Northern Mariana Islands,INFP
4708,jonathan78,20,Male,Comoros,INTP
4709,carrollthomas,19,Female,Portugal,ISTP
4710,walkerbriana,40,Male,Macedonia,ISFP
4711,moorechristopher,40,Male,Palestinian Territory,ESTP
4712,katherine52,45,Female,Togo,ESFJ
4713,sarahshepherd,33,Female,Fiji,ISFJ
4714,josephspencer,24,Male,Guam,ISTJ
4715,jorge33,34,Female,Bermuda,ESFJ
4716,angelahull,25,Female,Niger,INTP
4717,wallacetamara,49,Male,Croatia,INTJ
4718,caldwellkenneth,14,Female,Estonia,ENFP
4719,mitchellrachel,23,Male,Panama,INTJ
4720,jon75,37,Male,Equatorial Guinea,ENFJ
4721,leslie09,15,Male,Palestinian Territory,ENFP
4722,dustin32,32,Female,British Virgin Islands,ISFJ
4723,vegalauren,25,Female,Moldova,ENFP
4724,katherinemercado,49,Female,New Caledonia,ISFP
4725,khernandez,28,Female,Western Sahara,ESFP
4726,hrobertson,37,Male,South Georgia and the South Sandwich Islands,ISTP
4727,phansen,36,Other,Iran,INTP
4728,ebailey,39,Male,Qatar,ESTP
4729,ffrey,44,Female,Mozambique,ENTJ
4730,hodgescraig,45,Female,Mauritania,INFP
4731,orozcoangela,46,Female,Holy See (Vatican City State),INTP
4732,johnsonmonica,35,Female,Russian Federation,INFJ
4733,chernandez,38,Female,Croatia,INFP
4734,christophergarza,14,Male,Afghanistan,ISFJ
4735,stacey17,36,Male,Tokelau,ISTP
4736,churley,21,Female,Morocco,ISTJ
4737,paul42,17,Other,Montserrat,ENFJ
4738,jasoncole,21,Male,Cocos (Keeling) Islands,ENFP
4739,ilee,43,Male,Norfolk Island,ISTJ
4740,bparks,45,Other,Western Sahara,INTJ
4741,lisarivas,34,Male,Saint Lucia,ESFP
4742,crossdean,33,Female,Guam,INTP
4743,grivera,17,Female,Sweden,ISTP
4744,belinda12,13,Male,Aruba,INTP
4745,sarahreyes,49,Female,Egypt,ENTP
4746,mckenzie60,13,Female,Maldives,ESFJ
4747,michaelshaffer,35,Male,Burundi,ISTJ
4748,mdouglas,27,Male,Saint Helena,ENTP
4749,doylejenna,21,Male,Niger,ISFP
4750,ipetersen,43,Female,China,ISTJ
4751,sara31,38,Female,Malaysia,INTP
4752,colleensandoval,48,Male,Germany,ESFJ
4753,edougherty,13,Male,Niue,INTP
4754,lnunez,49,Female,Singapore,ISTJ
4755,frankronald,38,Female,Russian Federation,INTJ
4756,diane39,28,Female,Bouvet Island (Bouvetoya),INTJ
4757,tategina,48,Male,Antarctica (the territory South of 60 deg S),INFJ
4758,perkinssusan,44,Female,Israel,ISFJ
4759,williamvillegas,43,Male,Micronesia,ENTP
4760,emilyreeves,49,Male,Cambodia,ISFP
4761,woodjohn,32,Female,Guatemala,ISTP
4762,paulfrederick,47,Female,Kenya,ISTP
4763,mollyhernandez,15,Female,Puerto Rico,ENTJ
4764,justin84,28,Male,Serbia,ISFJ
4765,abrown,46,Female,Israel,ISTJ
4766,ggrant,44,Female,Saint Vincent and the Grenadines,INFP
4767,baxterdavid,44,Female,Martinique,ENFP
4768,russojacob,36,Female,Ukraine,ISTP
4769,tmoore,36,Male,Hong Kong,ESTJ
4770,davidmyers,47,Female,Niger,INTJ
4771,jameswilliams,37,Male,Panama,INTP
4772,tonytrevino,37,Male,Morocco,ISFP
4773,lovekatelyn,42,Female,Aruba,ESFP
4774,erickhan,17,Other,Antarctica (the territory South of 60 deg S),ESFP
4775,brandonball,38,Male,United States Minor Outlying Islands,ESFP
4776,mark78,19,Female,Saint Pierre and Miquelon,ESTP
4777,jgregory,34,Female,Slovenia,ESFJ
4778,hweber,20,Male,Indonesia,ENTP
4779,benjaminwatson,49,Female,Lao People's Democratic Republic,ESTP
4780,suzannecampbell,31,Female,Korea,ISFJ
4781,merickson,28,Female,Vanuatu,ESFP
4782,christopher43,35,Other,Cocos (Keeling) Islands,INFJ
4783,wrightshannon,46,Female,Bosnia and Herzegovina,ENTJ
4784,joneseric,14,Female,Moldova,ISTJ
4785,pamela59,28,Male,Cote d'Ivoire,ISTP
4786,andrew92,17,Female,Ukraine,ESFJ
4787,solislisa,33,Male,Iran,ISTP
4788,lfitzpatrick,38,Female,Vanuatu,ESTJ
4789,harrisangela,28,Other,Singapore,ESTJ
4790,pramirez,28,Other,Italy,ISFJ
4791,robertsonjacob,24,Male,Andorra,INTP
4792,trujillochristine,32,Female,Papua New Guinea,ENFJ
4793,linda32,28,Female,Morocco,ENFJ
4794,michaellee,26,Male,Zambia,INFP
4795,donaldmurray,14,Male,Netherlands,ENFP
4796,fclark,44,Female,Iceland,INFP
4797,richardcampbell,30,Female,Belarus,ESFJ
4798,robert54,20,Male,Malaysia,ENFJ
4799,joshua54,41,Female,Niger,ISTP
4800,claudiarodriguez,37,Male,Bangladesh,ENTJ
4801,gutierrezcorey,35,Female,Holy See (Vatican City State),ESFP
4802,brian99,26,Female,Belgium,INFJ
4803,harriswilliam,38,Female,Saint Pierre and Miquelon,ESTJ
4804,cclay,32,Female,Nigeria,ENTJ
4805,ochoaconnie,24,Male,Switzerland,ESFP
4806,ericrodriguez,44,Female,Timor-Leste,INFJ
4807,ocarney,17,Female,Palestinian Territory,INTJ
4808,kyle45,17,Other,Cape Verde,INFP
4809,adrian47,47,Female,Tuvalu,ISTP
4810,sherridavila,44,Female,Cuba,ISTP
4811,jameskane,38,Other,Bosnia and Herzegovina,ESTJ
4812,michael13,47,Female,Mongolia,ISTJ
4813,pyang,27,Female,Seychelles,ENTP
4814,colekari,48,Other,Guyana,INFP
4815,carriecarson,30,Male,Saint Vincent and the Grenadines,INTP
4816,saramoss,34,Female,Chile,INFP
4817,john88,39,Other,Israel,ENFP
4818,wendy79,46,Female,Lao People's Democratic Republic,ISTJ
4819,bdavis,41,Female,Bahamas,ESTJ
4820,millerricky,18,Other,Bahrain,INFJ
4821,vegajessica,45,Male,Sri Lanka,ESFJ
4822,jennifertrujillo,39,Male,Botswana,ENTP
4823,thorntondonald,44,Female,Chile,ESTJ
4824,millermelissa,33,Female,Bulgaria,INFJ
4825,davisrita,17,Female,Chile,ENFP
4826,melissa42,21,Female,Niger,ENFJ
4827,william45,46,Female,Algeria,INTP
4828,ydelgado,29,Female,Nepal,ISTP
4829,henrythomas,46,Male,Algeria,ESTP
4830,denise04,29,Male,El Salvador,ESFP
4831,briangarner,45,Female,Equatorial Guinea,INTJ
4832,wperez,15,Other,Isle of Man,ENTP
4833,lisarobinson,34,Female,Djibouti,ISTJ
4834,zpayne,46,Male,Belize,INTP
4835,jason99,21,Female,Libyan Arab Jamahiriya,ENTP
4836,brownchristopher,38,Male,Belize,INFJ
4837,joshualewis,13,Male,Christmas Island,ESTJ
4838,taylormatthew,43,Male,Western Sahara,ISFJ
4839,tiffany32,24,Other,Antigua and Barbuda,ENTP
4840,williamsondaniel,30,Female,Wallis and Futuna,ENFP
4841,morrisjessica,31,Other,Christmas Island,ENFJ
4842,sherri12,16,Female,Brunei Darussalam,INTJ
4843,tiffany72,45,Male,Mayotte,ISTJ
4844,pamelahogan,45,Male,Saudi Arabia,ESFP
4845,moyerstephanie,43,Male,Korea,ESFP
4846,michellewatson,34,Male,Uzbekistan,INTJ
4847,ehale,15,Male,Namibia,ENFJ
4848,pgarcia,14,Other,Mexico,INFJ
4849,lmoss,40,Female,British Virgin Islands,ESFJ
4850,nicolemartinez,38,Female,El Salvador,ENTJ
4851,rhughes,43,Female,Malta,ENFP
4852,ryansmith,38,Female,Saint Pierre and Miquelon,ESFJ
4853,perezsherri,26,Male,Lao People's Democratic Republic,ISFP
4854,nicolasreyes,46,Female,Bermuda,ENFP
4855,villarobert,38,Male,Samoa,ESTP
4856,annalee,45,Female,Tokelau,ENFP
4857,liudustin,16,Male,Ethiopia,INTP
4858,darrenlewis,28,Male,Iran,ESFP
4859,aaron94,26,Male,Jamaica,ENFJ
4860,ashleysmall,14,Male,Botswana,ESTP
4861,sarakelly,24,Female,United States Minor Outlying Islands,INFP
4862,orozcodana,26,Male,Puerto Rico,ENFP
4863,jeffreygoodman,14,Female,Seychelles,INFP
4864,alexander92,27,Female,Mozambique,INTJ
4865,joan22,20,Male,Guinea,INFJ
4866,odonnelladam,23,Male,Afghanistan,INFP
4867,sawyershane,43,Other,Gibraltar,INTJ
4868,liusydney,45,Male,Liechtenstein,ISFJ
4869,krocha,14,Female,Cote d'Ivoire,ISTP
4870,nicholaswilliamson,32,Male,Palestinian Territory,ENTJ
4871,albertwilliams,37,Male,United States Virgin Islands,ESTP
4872,gregorysamantha,47,Female,Tuvalu,INTJ
4873,mnichols,31,Other,Saint Vincent and the Grenadines,ISFP
4874,joshua63,24,Male,Burkina Faso,ESTJ
4875,diazdebra,42,Male,Chile,INFP
4876,hluna,28,Male,United Kingdom,ISTJ
4877,lisamiller,27,Male,Saudi Arabia,ENTJ
4878,imartinez,28,Male,Philippines,ENTJ
4879,madison30,37,Male,Greece,ESTP
4880,matthew15,47,Female,Holy See (Vatican City State),INTP
4881,matthew70,18,Male,Bhutan,ISFJ
4882,melissagraham,38,Female,Kenya,ISFP
4883,bradleybrian,49,Other,Guinea,ISFP
4884,haneylisa,21,Other,Libyan Arab Jamahiriya,ESTP
4885,pthompson,27,Other,Faroe Islands,ESTP
4886,fmccall,31,Female,Cook Islands,ESTJ
4887,ocraig,46,Male,Moldova,ISFP
4888,jesusmalone,33,Female,Madagascar,ISFJ
4889,lauren00,27,Male,Honduras,ESTJ
4890,matthewsvalerie,20,Male,Sweden,ESFJ
4891,deanna81,21,Male,Peru,ISFP
4892,megan75,31,Female,Albania,ENFP
4893,davidgallagher,23,Female,Gabon,ISFP
4894,suzannefields,34,Male,Philippines,ENFJ
4895,david02,19,Male,Kyrgyz Republic,INTP
4896,mariah00,34,Female,Antarctica (the territory South of 60 deg S),INFJ
4897,phamjoshua,39,Male,Faroe Islands,ESFP
4898,rwalker,35,Male,Malawi,INFP
4899,tiffanygray,33,Male,Barbados,ISTJ
4900,brenda03,17,Male,Macao,ISTP
4901,lisa57,23,Male,Burundi,ENTJ
4902,melinda20,15,Female,Singapore,INTP
4903,juliesalinas,45,Female,Spain,ESFP
4904,mallory66,13,Male,Fiji,INFP
4905,paulnicole,35,Female,Puerto Rico,ENTJ
4906,douglasrivera,22,Male,Zambia,INFP
4907,hbuchanan,27,Male,South Georgia and the South Sandwich Islands,INTP
4908,shall,47,Female,Turks and Caicos Islands,INTJ
4909,hernandezlisa,26,Female,Yemen,ISFJ
4910,emueller,48,Male,Monaco,INFP
4911,ogomez,17,Female,Suriname,ISTJ
4912,stevensonjames,32,Male,Heard Island and McDonald Islands,ENTP
4913,petermarquez,25,Male,Colombia,INTP
4914,daniel97,31,Male,Fiji,ISFJ
4915,brownperry,32,Male,Trinidad and Tobago,INTP
4916,robinmills,43,Female,Cayman Islands,ENTJ
4917,mirandachavez,39,Female,Chile,ISFP
4918,brendanyates,45,Female,United States Virgin Islands,ENTP
4919,dwatkins,18,Male,Congo,INFJ
4920,goldenkevin,30,Male,Azerbaijan,INTJ
4921,christopherhicks,13,Female,Ecuador,ESTP
4922,kathyhernandez,28,Other,Saint Helena,ESFP
4923,robertbell,44,Male,El Salvador,ENFJ
4924,kevin43,43,Male,Senegal,ISTJ
4925,boydmegan,20,Male,Central African Republic,ENTJ
4926,joseph63,21,Male,New Caledonia,ISFJ
4927,stephenvang,41,Female,Palau,ESTP
4928,kparks,30,Male,Mauritius,ESTJ
4929,crystal25,32,Male,Bhutan,ESTJ
4930,yolanda17,23,Female,Chad,ENFP
4931,ereed,21,Male,Kazakhstan,ENFJ
4932,blakeking,20,Male,Cuba,ESFP
4933,atorres,25,Male,Guernsey,ISFP
4934,welchdavid,38,Male,Burundi,ENTP
4935,travistaylor,25,Male,Congo,ISTP
4936,vthompson,37,Male,Burundi,INFJ
4937,kimdavis,42,Female,Gibraltar,ESFP
4938,eugene42,37,Female,Egypt,ENFP
4939,garrettthomas,43,Male,Congo,ESTP
4940,millerharold,17,Other,Palau,ESFJ
4941,edwin31,20,Male,Spain,ENTJ
4942,browndavid,32,Female,Thailand,ESTP
4943,hnielsen,27,Female,Chad,INTJ
4944,carlos83,15,Male,Ecuador,ISTJ
4945,xmcdaniel,45,Male,Iraq,ENTJ
4946,beanmichael,31,Male,Sweden,ENFJ
4947,fcarter,31,Female,Italy,INFP
4948,tiffanymeza,21,Other,Jordan,ESFP
4949,emmastafford,29,Other,Aruba,ESTP
4950,kjohnson,48,Male,Netherlands Antilles,ENFJ
4951,nsimmons,49,Female,Niue,INFP
4952,millerjaime,14,Male,Guyana,INFJ
4953,rgarcia,16,Male,Palau,ESTP
4954,jeremy07,19,Female,Angola,ESFP
4955,christopher14,29,Male,Panama,INFJ
4956,patricia83,41,Female,Tunisia,INTP
4957,zacharyhill,44,Female,Western Sahara,ESTP
4958,lbaker,31,Male,Armenia,ESFJ
4959,adam47,28,Male,Zimbabwe,INFP
4960,tonya98,41,Female,Croatia,ISTJ
4961,snydererica,48,Female,Cameroon,ISFJ
4962,hendersonjames,40,Male,Seychelles,INTP
4963,christopherbutler,21,Male,Bolivia,INFJ
4964,elizabeth23,18,Female,China,ENTP
4965,ryan01,29,Male,Samoa,ESFP
4966,hamptonsarah,46,Male,Benin,ISFJ
4967,glassmary,17,Male,Hong Kong,INFJ
4968,laurensmith,17,Male,Central African Republic,ESTP
4969,daniel21,39,Female,Egypt,ESFJ
4970,randallchristina,38,Other,Qatar,ENTJ
4971,jennifer11,45,Female,Cuba,INTP
4972,patriciaschultz,49,Male,Italy,ENFP
4973,danielrichard,19,Female,Bosnia and Herzegovina,INFP
4974,geraldwatkins,43,Other,Portugal,ENFJ
4975,twright,47,Female,Timor-Leste,ENTJ
4976,jay46,18,Female,Rwanda,ENFP
4977,jenniferbutler,16,Male,American Samoa,ENTP
4978,rileyfrederick,18,Female,British Virgin Islands,ISTJ
4979,margaret87,35,Female,Mayotte,ENTJ
4980,christophermcpherson,24,Female,Norway,INFP
4981,amanda88,46,Male,Pitcairn Islands,INFJ
4982,martin07,36,Female,Qatar,ESFJ
4983,anna11,24,Male,Mali,ENFJ
4984,samanthabarajas,14,Male,Bosnia and Herzegovina,ISTP
4985,travis21,37,Female,Senegal,ENFJ
4986,joseph87,16,Male,Heard Island and McDonald Islands,ESTJ
4987,matthew98,23,Other,Mongolia,ISTP
4988,ashley21,17,Female,Congo,INTJ
4989,cynthiaoneill,25,Male,Christmas Island,ENFJ
4990,cassandra37,25,Male,Guernsey,ESFJ
4991,pmorgan,15,Female,Hong Kong,ENTJ
4992,lewiskimberly,41,Other,Barbados,ENFJ
4993,markcampbell,49,Male,French Southern Territories,INFJ
4994,amandahunter,17,Female,Ghana,ESTJ
4995,qwalker,44,Female,Algeria,ENFP
4996,elizabethmcgrath,36,Male,Bahamas,ENTJ
4997,idavis,17,Male,Barbados,ISFP
4998,hsanders,18,Female,Suriname,INFP
4999,bauerlaura,42,Female,Tokelau,INFJ
5000,kaiserjacqueline,31,Female,United States Virgin Islands,ISTJ
